wwtp_id,county_fips,county,state,population_served,sample_location,normalization_method,per_capita_flow_rate,start_date,end_date,days,loss,sm,lt,rd,k,half_life
1382,4013,Maricopa,Arizona,50000,Treatment plant,flow-population,10162.70692174861,2022-07-30,2022-12-12,135,0.0348173901438713,351994766965815.6,14,0.3,0.3566749439387324,1.94294556367559
1383,4013,Maricopa,Arizona,2400000,Treatment plant,flow-population,776.1067694007309,2022-07-30,2022-12-12,135,1158007488512.0,1.99332459609466e+21,14,0.5000000000000002,0.6931471805599457,0.999787663336051
1334,4013,Maricopa,Arizona,150000,Treatment plant,flow-population,1216.1125874875436,2022-07-17,2022-12-12,148,0.0589941665530204,16800666336288.61,14,0.376,0.4716049106127096,1.4694503479610797
1327,4015,Mohave,Arizona,30000,Treatment plant,flow-population,1092.726504058782,2022-07-13,2022-12-14,154,0.0227068103849887,2518149897213.3228,8,0.34,0.4155154439616659,1.6678080443718328
1540,5009,Boone,Arkansas,14000,Treatment plant,flow-population,404.9399993393527,2022-09-26,2022-12-14,79,0.0860490575432777,1032213499904.8835,0,0.371,0.4636240222816965,1.4947456704021589
1565,5103,Ouachita,Arkansas,10200,Treatment plant,flow-population,654.6515295240683,2022-10-02,2022-12-13,72,0.0447461940348148,854101901826.816,14,0.392,0.4975803970159702,1.3927397545320854
1550,5115,Pope,Arkansas,31000,Treatment plant,flow-population,827.2328293865978,2022-09-26,2022-12-14,79,0.0480823405086994,3430217271248.5366,10,0.4350000000000001,0.5709295478356962,1.213810009706195
1545,5119,Pulaski,Arkansas,28500,Treatment plant,flow-population,438.1602412203902,2022-09-26,2022-12-12,77,0.1054817587137222,16962397389225.902,0,0.5000000000000002,0.6931471805599457,0.999787663336051
1732,6001,Alameda,California,229476,Treatment plant,microbial,8.39836211924085e-10,2022-11-03,2022-12-13,40,0.0117268916219472,5.227259830452558,14,0.5000000000000002,0.6931471805599457,0.999787663336051
1733,6001,Alameda,California,47229,Treatment plant,microbial,2.99168552776359e-10,2022-11-03,2022-12-13,40,0.1837498843669891,25.68666393067204,0,0.4640000000000001,0.6236211179113355,1.1112516560071473
1734,6001,Alameda,California,68150,Treatment plant,microbial,1.1212648578045426e-09,2022-11-01,2022-12-13,42,0.1838146597146988,52.84945361917213,0,0.5000000000000002,0.6931471805599457,0.999787663336051
1756,6053,Monterey,California,262000,Treatment plant,microbial,3.380607494532028e-09,2022-11-27,2022-12-13,16,0.0164835657924413,5.745263955745482,14,0.388,0.4910229964698112,1.4113391938509885
1387,6053,Monterey,California,250000,Treatment plant,flow-population,11034.470342491462,2022-07-30,2022-12-13,136,0.0531348809599876,2579196026708.6035,14,0.5000000000000002,0.6931471805599457,0.999787663336051
834,6065,Riverside,California,91765,Treatment plant,flow-population,1112.1353474936789,2022-05-01,2022-12-14,227,25730.71484375,697570898094003.8,0,0.5000000000000002,0.6931471805599457,0.999787663336051
1560,6079,San Luis Obispo,California,14276,Treatment plant,flow-population,550.9383515498818,2022-09-26,2022-12-14,79,0.0101268729194998,10519709184374.904,11,0.372,0.4652151125139385,1.4896334649473293
1593,6079,San Luis Obispo,California,6500,Treatment plant,flow-population,829.6526085942884,2022-10-12,2022-12-14,63,0.0136865815147757,10400126390545.652,14,0.3,0.3566749439387324,1.94294556367559
1561,6079,San Luis Obispo,California,6500,Treatment plant,flow-population,754.2400037044457,2022-09-26,2022-12-13,78,0.120558388531208,4870384644361.453,14,0.3,0.3566749439387324,1.94294556367559
763,6087,Santa Cruz,California,160000,Treatment plant,flow-population,2100.753055153214,2022-05-17,2022-12-13,210,0.0127359172329306,1074445547188.643,14,0.375,0.4700036292457356,1.474456699647469
803,6087,Santa Cruz,California,150000,Treatment plant,flow-population,4995.498188130608,2022-05-17,2022-12-13,210,0.0257644262164831,2637420790067.032,14,0.376,0.4716049106127096,1.4694503479610797
495,6087,Santa Cruz,California,60000,Treatment plant,flow-population,5186.455430187236,2022-05-18,2022-12-13,209,0.0365069359540939,5942314891071.068,12,0.387,0.4893903430459256,1.4160475576343097
802,6087,Santa Cruz,California,85000,Treatment plant,flow-population,5740.270689770152,2022-05-17,2022-12-13,210,0.0405765660107135,4540139841033.954,10,0.38,0.478035800943,1.4496822175932211
747,8005,Arapahoe,Colorado,25714,Treatment plant,flow-population,384.8060176240432,2022-03-03,2022-12-06,278,0.0675917863845825,39641078213.21617,14,0.371,0.4636240222816965,1.4947456704021589
534,9001,Fairfield,Connecticut,100000,Treatment plant,flow-population,17835.439088324114,2022-06-13,2022-12-12,182,0.3107755482196808,1439501230845.3523,14,0.3,0.3566749439387324,1.94294556367559
806,9001,Fairfield,Connecticut,65000,Treatment plant,flow-population,12331.882026447922,2022-06-08,2022-12-10,185,0.3898077607154846,2305805153421.439,14,0.351,0.432322562278047,1.6029697741157884
1395,9001,Fairfield,Connecticut,52265,Treatment plant,flow-population,7213.29379731915,2022-08-01,2022-12-14,135,0.3197249472141266,3522403099699.736,14,0.3,0.3566749439387324,1.94294556367559
771,9001,Fairfield,Connecticut,120000,Treatment plant,flow-population,19344.89792217052,2022-05-08,2022-12-13,219,0.3345511853694916,2567840928254.3213,14,0.5000000000000002,0.6931471805599457,0.999787663336051
291,9001,Fairfield,Connecticut,17000,Treatment plant,flow-population,1111.3295316592028,2022-01-18,2022-12-14,330,0.1762678027153015,21770740825934.254,14,0.5000000000000002,0.6931471805599457,0.999787663336051
1618,9003,Hartford,Connecticut,25000,Treatment plant,flow-population,685.8489904550909,2022-10-18,2022-12-13,56,0.109075516462326,1533960142680.837,14,0.4090000000000001,0.5259392615760389,1.3176426455088064
1194,10003,New Castle,Delaware,539000,Treatment plant,flow-population,81.0402892315616,2022-04-03,2022-12-13,254,5573803520.0,4.443106022789773e+17,0,0.5000000000000002,0.6931471805599457,0.999787663336051
1187,10003,New Castle,Delaware,17145,Treatment plant,flow-population,72.72282467828144,2022-04-03,2022-12-13,254,0.0650878027081489,258172036291.1508,7,0.3,0.3566749439387324,1.94294556367559
1392,12057,Hillsborough,Florida,180000,Treatment plant,flow-population,574.9159675944152,2022-08-03,2022-12-14,133,2052592.25,2.0028141448732828e+16,14,0.5000000000000002,0.6931471805599457,0.999787663336051
711,12086,Miami-Dade,Florida,829725,Treatment plant,flow-population,2607.963367373054,2022-05-18,2022-12-13,209,28831473664.0,1.1577558363523834e+20,7,0.5000000000000002,0.6931471805599457,0.999787663336051
668,12086,Miami-Dade,Florida,920528,Treatment plant,flow-population,2662.07478894665,2022-05-22,2022-12-14,206,82884452352.0,2.5772530444102563e+20,14,0.5000000000000002,0.6931471805599457,0.999787663336051
781,12086,Miami-Dade,Florida,776150,Treatment plant,flow-population,1888.6750237695587,2022-05-24,2022-12-13,203,9896989696.0,2.9360707188620747e+19,14,0.5000000000000002,0.6931471805599457,0.999787663336051
1631,12095,Orange,Florida,50000,Treatment plant,microbial,1.59138820310684e-09,2022-10-27,2022-12-14,48,0.1846164464950561,15501188370893.408,4,0.5000000000000002,0.6931471805599457,0.999787663336051
1699,12099,Palm Beach,Florida,90000,Treatment plant,microbial,7.779040935410282e-10,2022-09-14,2022-12-14,91,0.5020219087600708,2.5056808947493074,10,0.3,0.3566749439387324,1.94294556367559
1551,12099,Palm Beach,Florida,300000,Treatment plant,flow-population,484.3484455069293,2022-09-26,2022-12-13,78,77712.21875,1264109507088012.5,0,0.5000000000000002,0.6931471805599457,0.999787663336051
1735,12117,Seminole,Florida,95000,Treatment plant,microbial,8.88335819893694e-10,2022-10-24,2022-11-30,37,0.0757526382803917,2.878434860644788,14,0.4270000000000001,0.5568695622673976,1.244456596223938
1747,13185,Lowndes,Georgia,19400,Treatment plant,flow-population,30.875774641742805,2022-11-16,2022-12-08,22,0.0058724624104797,204423192856.22025,14,0.366,0.4557063245449113,1.5207162215535648
710,15007,Kauai,Hawaii,10000,Treatment plant,flow-population,529.3693425837648,2022-05-03,2022-12-13,224,0.1031831949949264,1004256423736.0192,0,0.375,0.4700036292457356,1.474456699647469
647,17143,Peoria,Illinois,157379,Treatment plant,flow-population,420.9610692712637,2022-02-14,2022-12-05,294,312722816.0,9.802159285317532e+17,0,0.5000000000000002,0.6931471805599457,0.999787663336051
1350,18003,Allen,Indiana,315000,Treatment plant,flow-population,685.9702167915411,2022-07-24,2022-12-13,142,0.8535677790641785,200904170908896.0,14,0.3,0.3566749439387324,1.94294556367559
1162,18057,Hamilton,Indiana,98000,Treatment plant,flow-population,1576.996180481974,2022-06-01,2022-12-14,196,0.5757750272750854,62644988458956.41,0,0.3,0.3566749439387324,1.94294556367559
828,18057,Hamilton,Indiana,86000,Treatment plant,flow-population,2195.5733232317766,2022-05-11,2022-12-13,216,0.4665162861347198,100176643781171.4,5,0.3,0.3566749439387324,1.94294556367559
1352,18077,Jefferson,Indiana,16000,Treatment plant,flow-population,515.5720020498827,2022-07-26,2022-12-13,140,0.3741783797740936,17214709488152.0,0,0.3,0.3566749439387324,1.94294556367559
1269,18089,Lake,Indiana,28000,Treatment plant,flow-population,2700.2803472215146,2022-06-20,2022-12-14,177,0.2478391677141189,38212248379944.8,7,0.3,0.3566749439387324,1.94294556367559
1207,21041,Carroll,Kentucky,3000,Before treatment plant,flow-population,413.2093749047158,2022-06-08,2022-09-01,85,0.1221287548542022,493693377655.3262,14,0.4230000000000001,0.5499130124740376,1.260199312037043
901,21111,Jefferson,Kentucky,55928,Treatment plant,flow-population,192.5084182436013,2022-02-27,2022-07-31,154,0.0548999495804309,1509578526001.0671,7,0.5000000000000002,0.6931471805599457,0.999787663336051
905,21111,Jefferson,Kentucky,349850,Treatment plant,flow-population,422.512126547389,2022-02-27,2022-08-07,161,918511.1875,3932245487332045.0,0,0.5000000000000002,0.6931471805599457,0.999787663336051
903,21111,Jefferson,Kentucky,32460,Treatment plant,flow-population,448.94147560807016,2022-02-27,2022-08-07,161,0.1073938831686973,4594352559921.535,14,0.5000000000000002,0.6931471805599457,0.999787663336051
1701,21111,Jefferson,Kentucky,423913,Treatment plant,microbial,1.606229959821446e-09,2022-02-24,2022-12-13,292,5290849.5,196789.0128335226,0,0.5000000000000002,0.6931471805599457,0.999787663336051
904,21111,Jefferson,Kentucky,31269,Treatment plant,flow-population,274.1226782068069,2022-02-27,2022-08-07,161,0.0360348150134086,2425408053193.572,14,0.5000000000000002,0.6931471805599457,0.999787663336051
902,21111,Jefferson,Kentucky,295910,Treatment plant,flow-population,188.41931064783057,2022-02-27,2022-07-31,154,75729.7109375,458394496051374.3,0,0.5000000000000002,0.6931471805599457,0.999787663336051
1497,22051,Jefferson,Louisiana,300000,Treatment plant,flow-population,418.5719825053949,2022-08-30,2022-12-14,106,0.0666824951767921,1722385778174.4077,14,0.3,0.3566749439387324,1.94294556367559
1614,22051,Jefferson,Louisiana,65364,Treatment plant,flow-population,552.1736987937968,2022-10-19,2022-12-14,56,0.4731839597225189,24536387377120.008,14,0.3,0.3566749439387324,1.94294556367559
1656,22051,Jefferson,Louisiana,100000,Treatment plant,flow-population,83.75625491461003,2022-11-13,2022-12-13,30,0.369041383266449,12385584743140.0,0,0.3,0.3566749439387324,1.94294556367559
1659,22051,Jefferson,Louisiana,100000,Treatment plant,flow-population,413.8696520618028,2022-11-13,2022-12-14,31,0.6163823008537292,30853261847340.0,14,0.3,0.3566749439387324,1.94294556367559
1626,22051,Jefferson,Louisiana,100000,Treatment plant,flow-population,121.23143605035118,2022-10-23,2022-12-13,51,0.9842052459716796,4480910076389.999,14,0.3,0.3566749439387324,1.94294556367559
1754,23005,Cumberland,Maine,10000,Treatment plant,microbial,1.198761921728871e-09,2022-11-29,2022-12-15,16,2.178552389144897,7.3370260659329585,5,0.3,0.3566749439387324,1.94294556367559
1707,23005,Cumberland,Maine,65000,Treatment plant,microbial,2.476425231877516e-09,2022-09-02,2022-12-14,103,0.0568467676639556,3.9237413137881454,5,0.4060000000000001,0.5208759596194924,1.3304511125954952
716,23005,Cumberland,Maine,8500,Treatment plant,flow-population,1606.2260194287303,2022-05-02,2022-12-14,226,0.0568832717835903,6384186642127.587,1,0.308,0.3681693233644675,1.882286100501556
666,24001,Allegany,Maryland,45000,Treatment plant,flow-population,836.7941349489299,2022-06-12,2022-12-13,184,0.379131019115448,990190491131.5868,0,0.367,0.4572848568379608,1.515466759148696
1348,24017,Charles,Maryland,88500,Treatment plant,flow-population,1199.9792384555794,2022-07-24,2022-12-13,142,0.1934196352958679,1239857103190.682,14,0.3,0.3566749439387324,1.94294556367559
547,24027,Howard,Maryland,270000,Treatment plant,flow-population,1223.9503616438392,2022-11-28,2022-12-13,15,2.7746224403381348,63980244649710.0,14,0.3,0.3566749439387324,1.94294556367559
1311,25005,Bristol,Massachusetts,100000,Treatment plant,flow-population,745.8197550477723,2022-07-06,2022-12-12,159,9069.6376953125,192708765697591.2,0,0.5000000000000002,0.6931471805599457,0.999787663336051
1384,25017,Middlesex,Massachusetts,180000,Treatment plant,flow-population,4202.440180186566,2022-07-31,2022-12-13,135,359872.40625,1.293781707171712e+16,14,0.5000000000000002,0.6931471805599457,0.999787663336051
1180,25027,Worcester,Massachusetts,12000,Treatment plant,flow-population,1012.38280053598,2022-06-05,2022-12-13,191,0.1007140651345253,13385358981581.012,0,0.5000000000000002,0.6931471805599457,0.999787663336051
1330,25027,Worcester,Massachusetts,3000,Treatment plant,flow-population,331.6346325342992,2022-07-12,2022-12-14,155,0.0475445799529552,3535840386725.1147,8,0.3,0.3566749439387324,1.94294556367559
1495,25027,Worcester,Massachusetts,42000,Treatment plant,flow-population,589.3053430735813,2022-08-31,2022-12-14,105,0.1401401907205581,1821406923819.5168,4,0.35,0.4307829160924544,1.6086988924399888
554,32031,Washoe,Nevada,200000,Treatment plant,flow-population,2178.512054073308,2022-05-02,2022-12-13,225,8063594.5,1.7764440499540134e+17,0,0.5000000000000002,0.6931471805599457,0.999787663336051
1605,34003,Bergen,New Jersey,564563,Treatment plant,flow-population,2219.9027611547704,2022-10-18,2022-12-13,56,6959289856.0,1.4409261164357775e+19,0,0.5000000000000002,0.6931471805599457,0.999787663336051
1453,34025,Monmouth,New Jersey,47000,Treatment plant,flow-population,854.3718489876592,2022-08-17,2022-12-14,119,0.1492428481578827,3289145582898.3965,10,0.368,0.4588658848352798,1.5102451999646211
1763,34025,Monmouth,New Jersey,52672,Treatment plant,microbial,8.88708769250508e-10,2022-12-05,2022-12-14,9,0.0294733438640832,5.979186676569061,2,0.4790000000000001,0.6520052372287704,1.0628748979770015
1616,34025,Monmouth,New Jersey,40000,Treatment plant,flow-population,785.0362628824192,2022-09-21,2022-12-14,84,0.1797052770853042,3872176038829.892,3,0.363,0.4509856234099736,1.5366343493615546
1667,42043,Dauphin,Pennsylvania,125000,Treatment plant,microbial,6.185157001650871e-09,2022-08-02,2022-12-13,133,0.0197705905884504,6.618331363604055,14,0.4300000000000001,0.5621189181535415,1.2328352197723196
1366,42043,Dauphin,Pennsylvania,124000,Treatment plant,flow-population,7948.434969792321,2022-07-04,2022-12-07,156,0.011028928682208,4025019130843.183,14,0.4040000000000001,0.5175146119167875,1.3390926247149697
1359,42049,Erie,Pennsylvania,200000,Treatment plant,flow-population,10850.74682084066,2022-07-05,2022-12-06,154,1752884.625,2.329352426110717e+16,0,0.5000000000000002,0.6931471805599457,0.999787663336051
1367,42055,Franklin,Pennsylvania,67000,Treatment plant,flow-population,643.09798895635,2022-07-05,2022-12-06,154,13627.5244140625,202060234962466.28,0,0.5000000000000002,0.6931471805599457,0.999787663336051
1529,42063,Indiana,Pennsylvania,28809,Treatment plant,flow-population,2913.935789329212,2022-07-04,2022-12-07,156,0.0370388440787792,1525588067729.254,8,0.376,0.4716049106127096,1.4694503479610797
1617,42069,Lackawanna,Pennsylvania,88000,Treatment plant,flow-population,530.0839659374055,2022-09-28,2022-12-14,77,0.1722740978002548,1558003737503.8142,14,0.5000000000000002,0.6931471805599457,0.999787663336051
1357,42091,Montgomery,Pennsylvania,30000,Treatment plant,flow-population,3118.7299941702768,2022-07-10,2022-12-06,149,0.0895210355520248,2798816684634.0063,9,0.383,0.4828862550767492,1.435120574906104
1081,42091,Montgomery,Pennsylvania,13000,Treatment plant,flow-population,3657.051681751392,2022-05-02,2022-12-14,226,0.0712004080414772,7366049634363.776,14,0.4820000000000001,0.6577800367226544,1.0535436792104953
1083,42091,Montgomery,Pennsylvania,10000,Before treatment plant,flow-population,4699.995735592286,2022-05-02,2022-12-14,226,0.0922727212309837,10653011001898.783,2,0.4550000000000001,0.6069694843188931,1.141737793915036
1549,45045,Greenville,South Carolina,140280,Treatment plant,flow-population,602.3477755474648,2022-09-26,2022-12-14,79,0.4750763773918152,75080682823844.97,14,0.3,0.3566749439387324,1.94294556367559
1607,47023,Chester,Tennessee,3710,Treatment plant,flow-population,298.2260142756296,2022-10-10,2022-12-14,65,0.1842149347066879,3801709711178.855,14,0.3,0.3566749439387324,1.94294556367559
1329,47157,Shelby,Tennessee,300000,Treatment plant,flow-population,2692.843119543901,2022-07-13,2022-12-14,154,0.1151082590222358,603055037632170.0,14,0.3,0.3566749439387324,1.94294556367559
1323,47157,Shelby,Tennessee,300000,Treatment plant,flow-population,2529.865135275574,2022-07-11,2022-12-14,156,0.1205861940979957,438585653179680.0,14,0.3,0.3566749439387324,1.94294556367559
1231,48113,Dallas,Texas,500000,Treatment plant,flow-population,1369.447352864343,2022-06-15,2022-12-14,182,28882.357421875,5242462952232255.0,0,0.5000000000000002,0.6931471805599457,0.999787663336051
1080,50007,Chittenden,Vermont,31000,Treatment plant,flow-population,4730.607633037773,2022-05-01,2022-12-13,226,0.0605574622750282,1944578725226.8352,12,0.3,0.3566749439387324,1.94294556367559
701,50007,Chittenden,Vermont,8500,Treatment plant,flow-population,10284.325186023549,2022-06-14,2022-12-13,182,0.394121915102005,4870247954022.642,13,0.3,0.3566749439387324,1.94294556367559
1751,50007,Chittenden,Vermont,22000,Treatment plant,flow-population,962.0211195020796,2022-11-30,2022-12-14,14,0.2762522101402282,23479845687772.613,1,0.3,0.3566749439387324,1.94294556367559
220,51179,Stafford,Virginia,44000,Treatment plant,flow-population,68.61678606993694,2021-09-13,2022-12-12,455,74247.3671875,83233856864538.8,0,0.5000000000000002,0.6931471805599457,0.999787663336051
510,53011,Clark,Washington,81140,Treatment plant,flow-population,610.8728472914217,2022-05-01,2022-12-13,226,0.0321807973086833,6541446598966.449,2,0.379,0.4764241970486583,1.4545860690808328
1084,53011,Clark,Washington,120000,Treatment plant,flow-population,642.5770236752069,2022-05-02,2022-12-14,226,0.0359746776521205,4437848032637.317,0,0.378,0.4748151862429577,1.4595152389363542
499,53011,Clark,Washington,162100,Treatment plant,flow-population,664.3035990028247,2022-05-01,2022-12-13,226,0.0830018371343612,4069149778684.323,14,0.5000000000000002,0.6931471805599457,0.999787663336051
804,53011,Clark,Washington,16950,Treatment plant,flow-population,443.8196944338498,2022-06-21,2022-12-14,176,0.0733332633972168,42181517597712.09,14,0.4700000000000001,0.63487827243597,1.0915478290681175
1353,56033,Sheridan,Wyoming,20000,Treatment plant,flow-population,680.3803502592882,2022-07-26,2022-12-13,140,0.0755754932761192,1626021829649.9285,5,0.369,0.4604494164409239,1.5050513156398202
1333,1033,Colbert,Alabama,19000,Treatment plant,flow-population,406.9500485976681,2022-07-17,2022-12-13,149,0.0439128763973712,357243807514.8431,14,0.344,0.4215944900380481,1.6437596229909406
1464,1081,Lee,Alabama,72000,Treatment plant,flow-population,829.9628461541979,2022-08-22,2022-12-14,114,0.0170651450753211,988379392256.079,6,0.357,0.4416105547445176,1.5692559712503185
1394,1117,Shelby,Alabama,11000,Treatment plant,flow-population,394.83138017035446,2022-08-02,2022-12-13,133,0.0799160748720169,323367769700.54254,0,0.374,0.4684049078820387,1.4794891947940956
1490,2110,Juneau,Alaska,10000,Treatment plant,flow-population,540.1349088932817,2022-08-29,2022-12-12,105,0.1246624067425727,6328795087982.662,14,0.5000000000000002,0.6931471805599457,0.999787663336051
1491,2110,Juneau,Alaska,20000,Treatment plant,flow-population,349.65055764647,2022-08-29,2022-12-13,106,0.0616966262459754,1583595110951.1987,5,0.343,0.4200712604975265,1.6497200955362203
501,4012,La Paz,Arizona,3500,Treatment plant,flow-population,544.3339488811714,2022-06-22,2022-12-14,175,0.0796397551894187,834994825909.7086,14,0.5000000000000002,0.6931471805599457,0.999787663336051
808,4015,Mohave,Arizona,37500,Treatment plant,flow-population,568.7527687746476,2022-05-01,2022-12-13,226,0.0141067234799265,1025187618110.8997,14,0.4000000000000001,0.5108256237659909,1.3566273259570532
715,4019,Pima,Arizona,397407,Treatment plant,flow-population,1471.5516778288986,2022-05-11,2022-12-14,217,12980614.0,2.943813303879098e+17,0,0.5000000000000002,0.6931471805599457,0.999787663336051
590,4019,Pima,Arizona,347900,Treatment plant,flow-population,1358.5100978455696,2022-05-11,2022-12-14,217,2519136.5,8.728984807240037e+16,0,0.5000000000000002,0.6931471805599457,0.999787663336051
1271,4019,Pima,Arizona,23000,Treatment plant,flow-population,2350.384732106852,2022-06-19,2022-12-13,177,0.0752539634704589,43881187143536.74,14,0.329,0.3989861420104552,1.7369024310168657
1537,5007,Benton,Arkansas,17737,Treatment plant,flow-population,742.758261295824,2022-09-13,2022-12-14,92,0.0144378766417503,2722595430742.756,13,0.4390000000000001,0.5780343734594409,1.1988906401058963
1536,5055,Greene,Arkansas,29000,Treatment plant,flow-population,583.317739235448,2022-09-13,2022-12-14,92,0.0409187413752079,674215840943.118,14,0.37,0.4620354595965588,1.499884880275456
1548,5069,Jefferson,Arkansas,42323,Treatment plant,flow-population,659.2943137369604,2022-09-25,2022-12-13,79,0.0211261678487062,1830050716620.583,8,0.322,0.3886079910417416,1.783288084586924
1442,5085,Lonoke,Arkansas,27000,Treatment plant,flow-population,313.17239048931367,2022-08-14,2022-12-14,122,0.0360320843756198,597228628747.0083,14,0.39,0.4942963218147803,1.4019930341696465
1542,5119,Pulaski,Arkansas,30377,Treatment plant,flow-population,1034.0729753762405,2022-09-25,2022-12-13,79,0.0531941279768943,24075220784603.043,0,0.5000000000000002,0.6931471805599457,0.999787663336051
1546,5119,Pulaski,Arkansas,18463,Treatment plant,flow-population,597.0382909282696,2022-09-25,2022-12-13,79,0.0492760948836803,15853360907395.98,14,0.5000000000000002,0.6931471805599457,0.999787663336051
1543,5119,Pulaski,Arkansas,23812,Treatment plant,flow-population,939.314872111902,2022-09-25,2022-12-13,79,0.0643971711397171,22667618491321.383,8,0.5000000000000002,0.6931471805599457,0.999787663336051
1444,5119,Pulaski,Arkansas,5000,Treatment plant,flow-population,702.2681320237018,2022-08-15,2022-12-13,120,0.4366943538188934,3833045438040.4346,14,0.3,0.3566749439387324,1.94294556367559
1472,5123,Saint Francis,Arkansas,13000,Treatment plant,flow-population,935.2239235981922,2022-08-23,2022-12-12,111,0.04694065451622,677493515931.0284,14,0.328,0.3974969384589876,1.7434096541387611
1461,5125,Saline,Arkansas,35000,Treatment plant,flow-population,815.423561031518,2022-08-22,2022-12-14,114,0.0269670486450195,1807386616104.1555,10,0.377,0.4732087601946839,1.4644699301739283
1465,5143,Washington,Arkansas,93949,Treatment plant,flow-population,232.26483339643983,2022-08-21,2022-12-13,114,0.0151781449094414,861149739181.0063,3,0.389,0.4926583198105417,1.406654413684726
1462,5143,Washington,Arkansas,93949,Treatment plant,flow-population,586.2165256851828,2022-08-21,2022-12-13,114,0.0420676991343498,2054949427401.1768,12,0.337,0.4109802887962745,1.6862122561394286
1509,5145,White,Arkansas,25000,Treatment plant,flow-population,342.3084432574548,2022-09-06,2022-12-14,99,0.0105018578469753,814729689051.8524,6,0.364,0.452556715642015,1.5312997819883911
1685,6001,Alameda,California,740000,Treatment plant,microbial,2.9563842410145256e-10,2022-02-15,2022-12-15,303,3876997888.0,16970235.699754186,11,0.5000000000000002,0.6931471805599457,0.999787663336051
564,6001,Alameda,California,60000,Treatment plant,flow-population,880.31021379408,2022-05-23,2022-12-14,205,0.050127487629652,17654811592899.36,14,0.4700000000000001,0.63487827243597,1.0915478290681175
1173,6013,Contra Costa,California,494300,Treatment plant,flow-population,1139.5711895045672,2022-06-06,2022-12-14,191,1762061.5,1.0897859858498234e+17,14,0.5000000000000002,0.6931471805599457,0.999787663336051
724,6013,Contra Costa,California,215394,Treatment plant,flow-population,1026.4993148527017,2022-05-09,2022-12-14,219,0.0562033466994762,5519985845200.898,0,0.374,0.4684049078820387,1.4794891947940956
1668,6013,Contra Costa,California,484800,Treatment plant,microbial,7.60688558933465e-10,2022-03-21,2022-12-12,266,1677058.0,59689.61821471426,0,0.5000000000000002,0.6931471805599457,0.999787663336051
88,6013,Contra Costa,California,487300,Treatment plant,flow-population,318.5837802104055,2022-02-07,2022-12-15,311,1426946.75,2.354752374325064e+16,8,0.5000000000000002,0.6931471805599457,0.999787663336051
1720,6013,Contra Costa,California,100000,Treatment plant,microbial,7.22395378776802e-10,2022-05-10,2022-12-13,217,0.0260945167392492,10.727295906354382,0,0.374,0.4684049078820387,1.4794891947940956
1288,6017,El Dorado,California,40000,Treatment plant,flow-population,747.3919691674562,2022-06-21,2022-12-13,175,0.0210644397884607,1594541916090.6453,0,0.376,0.4716049106127096,1.4694503479610797
461,6023,Humboldt,California,43173,Treatment plant,flow-population,767.532326514483,2022-05-17,2022-12-13,210,0.0450399033725261,1254941982479.6504,14,0.371,0.4636240222816965,1.4947456704021589
1199,6031,Kings,California,59000,Treatment plant,flow-population,851.0454370721142,2022-06-07,2022-12-14,190,26833.58203125,248767070552346.44,14,0.5000000000000002,0.6931471805599457,0.999787663336051
1019,6033,Lake,California,13200,Treatment plant,flow-population,274.39515712675126,2022-02-07,2022-12-12,308,0.052873209118843,187679196243.2756,14,0.3,0.3566749439387324,1.94294556367559
778,6033,Lake,California,10080,Treatment plant,flow-population,1654.7261451582972,2022-05-30,2022-12-14,198,0.0395562052726745,5269984807174.323,14,0.5000000000000002,0.6931471805599457,0.999787663336051
1219,6033,Lake,California,5000,Treatment plant,flow-population,591.7004470920951,2022-06-13,2022-12-13,183,0.0692661106586456,5680895712051.238,14,0.5000000000000002,0.6931471805599457,0.999787663336051
779,6037,Los Angeles,California,200000,Treatment plant,flow-population,1071.8851815133658,2022-05-23,2022-12-14,205,0.0810305476188659,40051987104300.24,8,0.4180000000000001,0.5412848312506995,1.2802871242461118
1690,6037,Los Angeles,California,4000000,Treatment plant,microbial,3.330369648944514e-10,2022-08-28,2022-12-14,108,58195255296.0,406042212.8759466,0,0.5000000000000002,0.6931471805599457,0.999787663336051
211,6037,Los Angeles,California,3500000,Treatment plant,flow-population,98.39387699273172,2022-01-09,2022-12-13,338,82619375026176.0,1.8063934433168204e+22,14,0.5000000000000002,0.6931471805599457,0.999787663336051
1694,6037,Los Angeles,California,200000,Treatment plant,microbial,4.690583504280635e-10,2022-09-12,2022-12-15,94,0.12761852145195,115.5236130183255,0,0.5000000000000002,0.6931471805599457,0.999787663336051
1693,6037,Los Angeles,California,3500000,Treatment plant,microbial,4.1064953261903616e-10,2022-01-09,2022-12-14,339,81887955517440.0,90240656665.20432,14,0.5000000000000002,0.6931471805599457,0.999787663336051
1409,6071,San Bernardino,California,78000,Treatment plant,flow-population,789.5364489610836,2022-08-07,2022-12-13,128,0.0762822031974792,22773055076958.773,14,0.5000000000000002,0.6931471805599457,0.999787663336051
356,6071,San Bernardino,California,325000,Treatment plant,flow-population,168.26109413408363,2022-02-22,2022-12-13,294,34225.01171875,636284101100278.2,0,0.5000000000000002,0.6931471805599457,0.999787663336051
1709,6071,San Bernardino,California,890000,Treatment plant,microbial,4.5405880748268255e-10,2022-04-25,2022-12-15,234,16163713024.0,45649030.09645691,0,0.5000000000000002,0.6931471805599457,0.999787663336051
1684,6073,San Diego,California,2200000,Treatment plant,microbial,4.840815758552585e-10,2022-08-07,2022-12-14,129,1081760384.0,11399238.869494824,14,0.5000000000000002,0.6931471805599457,0.999787663336051
357,6073,San Diego,California,2200000,Treatment plant,flow-population,162.07348171872815,2022-01-04,2022-12-14,344,21248803340288.0,5.133978201060042e+21,14,0.5000000000000002,0.6931471805599457,0.999787663336051
1230,6079,San Luis Obispo,California,47400,Treatment plant,flow-population,576.1849327744741,2022-06-14,2022-12-12,181,0.0436294600367546,2722662164455.9087,14,0.353,0.4354089844812364,1.5916070285634267
793,6079,San Luis Obispo,California,39000,Treatment plant,flow-population,799.6737272646919,2022-05-02,2022-12-14,226,0.027851914986968,6383034968954.438,0,0.376,0.4716049106127096,1.4694503479610797
1676,6079,San Luis Obispo,California,31037,Treatment plant,microbial,1.6150016561434202e-10,2022-01-11,2022-12-15,338,0.0361882299184799,0.489338364146281,10,0.308,0.3681693233644675,1.882286100501556
1678,6087,Santa Cruz,California,160000,Treatment plant,microbial,5.00394451282024e-09,2022-04-03,2022-12-13,254,0.0475602559745311,3.471197069695621,12,0.373,0.4668087383492164,1.4845480452029831
1679,6087,Santa Cruz,California,160000,Treatment plant,microbial,5.757064419380041e-09,2022-04-03,2022-12-13,254,0.0579958222806453,2.5473177955772504,12,0.4020000000000001,0.5141645250315056,1.347817607520737
1680,6097,Sonoma,California,230000,Treatment plant,microbial,2.334876700283972e-10,2022-08-11,2022-12-13,124,0.0633708387613296,0.6276974735404177,14,0.4670000000000001,0.6292338548162927,1.1013393425919908
570,6097,Sonoma,California,220000,Treatment plant,flow-population,1359.206573043395,2022-05-08,2022-12-13,219,95584.3125,4590470302289128.0,14,0.5000000000000002,0.6931471805599457,0.999787663336051
1687,6097,Sonoma,California,65000,Treatment plant,microbial,1.126144088295907e-09,2022-06-28,2022-12-14,169,0.0645185783505439,7.16592494393719,11,0.355,0.4385049621863645,1.580369801392293
1290,8045,Garfield,Colorado,7300,Treatment plant,flow-population,855.5605522963301,2022-06-20,2022-12-14,177,0.0712989270687103,4560684225908.993,8,0.4790000000000001,0.6520052372287704,1.0628748979770015
161,8045,Garfield,Colorado,16714,Treatment plant,flow-population,100.34510301222193,2022-02-17,2022-12-05,291,0.0091200703755021,70539195824.33298,14,0.4590000000000001,0.6143360001356557,1.1280471921667847
686,9009,New Haven,Connecticut,112000,Treatment plant,flow-population,1889.1914545125965,2022-05-02,2022-12-13,225,0.4952572882175445,3369205258382.303,14,0.5000000000000002,0.6931471805599457,0.999787663336051
1079,9009,New Haven,Connecticut,228000,Treatment plant,flow-population,877.2442160270597,2022-05-02,2022-12-13,225,19234556.0,1.8409430511585786e+17,14,0.5000000000000002,0.6931471805599457,0.999787663336051
1196,9009,New Haven,Connecticut,19500,Treatment plant,flow-population,719.7836548119153,2022-06-07,2022-12-13,189,0.3928235173225403,11298128936690.748,14,0.5000000000000002,0.6931471805599457,0.999787663336051
832,9011,New London,Connecticut,40000,Treatment plant,flow-population,785.5339328435412,2022-05-23,2022-12-14,205,0.191116988658905,864455676939.2467,14,0.35,0.4307829160924544,1.6086988924399888
1163,9011,New London,Connecticut,22000,Treatment plant,flow-population,585.0367651166134,2022-05-31,2022-12-13,196,0.3991433978080749,1076286974235.6776,14,0.317,0.3812604194113469,1.8176552422356569
486,11001,District Of Columbia,District of Columbia,1600000,Treatment plant,flow-population,2155.7370046251413,2022-05-22,2022-12-13,205,593157750784.0,2.050407527206106e+21,14,0.5000000000000002,0.6931471805599457,0.999787663336051
1502,12001,Alachua,Florida,100000,Treatment plant,flow-population,348.4526273464962,2022-09-05,2022-12-14,100,0.0427541732788085,741046280707.9625,3,0.3,0.3566749439387324,1.94294556367559
1501,12001,Alachua,Florida,100000,Treatment plant,flow-population,846.7009282817271,2022-09-05,2022-12-14,100,0.115272082388401,1612948992703.4812,2,0.3,0.3566749439387324,1.94294556367559
670,12095,Orange,Florida,59587,Treatment plant,flow-population,746.3103572318228,2022-05-01,2022-12-14,227,0.1698169708251953,13426897752865.92,8,0.384,0.4845083154486174,1.430316008835339
671,12095,Orange,Florida,463672,Treatment plant,flow-population,713.2923601940344,2022-05-01,2022-12-14,227,37205792.0,8.182729977221272e+17,0,0.5000000000000002,0.6931471805599457,0.999787663336051
669,12095,Orange,Florida,277823,Treatment plant,flow-population,506.6105204073636,2022-05-01,2022-12-14,227,58166.171875,3605689093468487.0,0,0.5000000000000002,0.6931471805599457,0.999787663336051
1715,12095,Orange,Florida,183009,Treatment plant,microbial,5.623721522063509e-10,2022-04-03,2022-12-13,254,0.0639223158359527,2.412405769855392,12,0.3,0.3566749439387324,1.94294556367559
1686,12095,Orange,Florida,195299,Treatment plant,microbial,1.0423211324177307e-09,2022-04-03,2022-12-13,254,0.0813228636980056,4.221796426478029,6,0.3,0.3566749439387324,1.94294556367559
1702,12095,Orange,Florida,66690,Treatment plant,microbial,6.402872717756613e-10,2022-04-03,2022-12-13,254,0.0940072536468505,11.857767663200177,7,0.329,0.3989861420104552,1.7369024310168657
511,12103,Pinellas,Florida,103000,Treatment plant,flow-population,632.17066962924,2022-05-03,2022-12-13,224,0.1322082132101059,791235469857.3794,0,0.3,0.3566749439387324,1.94294556367559
574,12103,Pinellas,Florida,220000,Treatment plant,flow-population,857.8561036180146,2022-05-23,2022-12-14,205,14358309.0,1.4039488411217853e+17,14,0.5000000000000002,0.6931471805599457,0.999787663336051
1145,12117,Seminole,Florida,43010,Treatment plant,flow-population,16.17011904609643,2022-01-10,2022-11-14,308,0.0143945282325148,34301809172.411427,5,0.325,0.3930425881096072,1.7631677099753478
684,13089,Dekalb,Georgia,325000,Treatment plant,flow-population,381.72170838745166,2022-06-09,2022-12-09,183,37995188.0,3.54979661586561e+17,14,0.5000000000000002,0.6931471805599457,0.999787663336051
1109,13185,Lowndes,Georgia,65000,Treatment plant,flow-population,341.49957506927035,2022-05-10,2022-12-07,211,0.0129891838878393,1338682693087.7349,5,0.378,0.4748151862429577,1.4595152389363542
1221,15001,Hawaii,Hawaii,32600,Treatment plant,flow-population,380.4695399165963,2022-06-12,2022-12-13,184,0.0710237249732017,607284597710.3528,3,0.358,0.443166975292176,1.5637446800793566
1337,15001,Hawaii,Hawaii,5000,Treatment plant,flow-population,1548.0787709739916,2022-07-18,2022-12-12,147,0.0928607881069183,13023722077401.934,1,0.376,0.4716049106127096,1.4694503479610797
1208,15003,Honolulu,Hawaii,20800,Treatment plant,flow-population,814.8563621946,2022-06-07,2022-12-13,189,0.0251968894153833,24507587736074.54,6,0.3,0.3566749439387324,1.94294556367559
1204,15003,Honolulu,Hawaii,109236,Treatment plant,flow-population,725.9114036972593,2022-06-07,2022-12-13,189,0.1282294392585754,4114363859144.752,1,0.358,0.443166975292176,1.5637446800793566
1203,15003,Honolulu,Hawaii,300000,Treatment plant,flow-population,889.2730665380001,2022-06-07,2022-12-13,189,419628.5,2.714157766137559e+16,14,0.5000000000000002,0.6931471805599457,0.999787663336051
790,15003,Honolulu,Hawaii,700000,Treatment plant,flow-population,847.70642278377,2022-06-07,2022-12-13,189,12955984896.0,5.163400819345071e+19,14,0.5000000000000002,0.6931471805599457,0.999787663336051
798,15003,Honolulu,Hawaii,48519,Treatment plant,flow-population,645.8758198622402,2022-06-07,2022-12-13,189,0.0723416730761528,13833231108014.107,12,0.5000000000000002,0.6931471805599457,0.999787663336051
638,17031,Cook,Illinois,1127737,Treatment plant,flow-population,386.6274351433942,2022-02-15,2022-12-11,299,7242783.5,1.367527292331046e+17,0,0.5000000000000002,0.6931471805599457,0.999787663336051
982,17031,Cook,Illinois,1263110,Treatment plant,flow-population,653.8326111126236,2022-02-13,2022-12-08,298,29939774.0,6.318013564905037e+17,0,0.5000000000000002,0.6931471805599457,0.999787663336051
632,17031,Cook,Illinois,270647,Treatment plant,flow-population,605.2656212197793,2022-02-14,2022-12-11,300,0.1203987076878547,2828630847844.676,14,0.5000000000000002,0.6931471805599457,0.999787663336051
639,17031,Cook,Illinois,1127736,Treatment plant,flow-population,689.426884097158,2022-02-13,2022-12-11,301,7249850.5,2.205527724179535e+17,0,0.5000000000000002,0.6931471805599457,0.999787663336051
682,17031,Cook,Illinois,265000,Treatment plant,flow-population,2000.8877343969623,2022-05-02,2022-12-14,226,0.5501024127006531,13926586890530.191,0,0.368,0.4588658848352798,1.5102451999646211
683,17031,Cook,Illinois,161000,Treatment plant,flow-population,1888.2414361952456,2022-05-02,2022-12-14,226,0.2972441911697387,39075733196271.43,1,0.5000000000000002,0.6931471805599457,0.999787663336051
637,17031,Cook,Illinois,13098,Treatment plant,flow-population,362.2221548083855,2022-02-14,2022-12-14,303,0.1350496560335159,3600456968745.823,14,0.3,0.3566749439387324,1.94294556367559
636,17031,Cook,Illinois,110394,Treatment plant,flow-population,286.07386684553234,2022-02-15,2022-12-11,299,0.1875764727592468,11117307853376.334,0,0.5000000000000002,0.6931471805599457,0.999787663336051
641,17031,Cook,Illinois,217106,Treatment plant,flow-population,373.2337367898404,2022-02-15,2022-12-11,299,0.1518747061491012,3368568927522.6714,9,0.3980000000000001,0.5074978336733162,1.3655230702838708
546,17091,Kankakee,Illinois,65000,Treatment plant,flow-population,1013.3327128488312,2022-05-01,2022-12-13,226,62357.4765625,1188447039692472.8,0,0.5000000000000002,0.6931471805599457,0.999787663336051
628,17091,Kankakee,Illinois,56317,Treatment plant,flow-population,215.6987917615035,2022-02-14,2022-12-14,303,0.2605223357677459,42481812595.31802,0,0.5000000000000002,0.6931471805599457,0.999787663336051
678,18005,Bartholomew,Indiana,49000,Treatment plant,flow-population,1043.309463784983,2022-05-23,2022-12-14,205,0.3879167437553406,53229078107034.9,0,0.3,0.3566749439387324,1.94294556367559
1281,18035,Delaware,Indiana,67000,Treatment plant,flow-population,414.3551687232054,2022-06-20,2022-12-14,177,0.8472708463668823,30559787075140.69,14,0.3,0.3566749439387324,1.94294556367559
1273,18037,Dubois,Indiana,16000,Treatment plant,flow-population,617.3664201274495,2022-06-26,2022-12-13,170,0.297270268201828,23791706892340.8,0,0.3,0.3566749439387324,1.94294556367559
1319,18067,Howard,Indiana,45000,Treatment plant,flow-population,825.7786627642865,2022-07-10,2022-12-13,156,0.1831460148096084,123416272230043.52,5,0.3,0.3566749439387324,1.94294556367559
1318,18069,Huntington,Indiana,17612,Treatment plant,flow-population,346.04737109231826,2022-07-11,2022-12-14,156,0.4972608089447021,11734754432478.07,5,0.3,0.3566749439387324,1.94294556367559
1267,18085,Kosciusko,Indiana,21600,Treatment plant,flow-population,1176.636531574493,2022-06-25,2022-12-12,170,0.6452463865280151,15687509112907.2,14,0.3,0.3566749439387324,1.94294556367559
765,18105,Monroe,Indiana,28350,Treatment plant,flow-population,606.3602494428603,2022-05-04,2022-12-12,222,0.4051223695278168,27297604253117.84,14,0.3,0.3566749439387324,1.94294556367559
772,18105,Monroe,Indiana,67500,Treatment plant,flow-population,881.6838004504566,2022-05-04,2022-12-13,223,0.2338260859251022,115243460864660.23,2,0.3,0.3566749439387324,1.94294556367559
1293,18141,St Joseph,Indiana,130000,Treatment plant,flow-population,1274.0014472609305,2022-06-27,2022-12-13,169,0.708496630191803,100815923285480.0,14,0.3,0.3566749439387324,1.94294556367559
1681,18141,St Joseph,Indiana,130000,Treatment plant,microbial,1.0103003172505783e-09,2022-09-11,2022-12-13,93,0.0240634717047214,403.0,14,0.3,0.3566749439387324,1.94294556367559
1289,18167,Vigo,Indiana,58500,Treatment plant,flow-population,869.0406873210009,2022-06-20,2022-12-14,177,0.327212244272232,73813723381031.39,6,0.3,0.3566749439387324,1.94294556367559
1314,18177,Wayne,Indiana,36000,Treatment plant,flow-population,455.9675855461954,2022-06-30,2022-12-14,167,0.5389450192451477,27120189345519.6,0,0.3,0.3566749439387324,1.94294556367559
105,19103,Johnson,Iowa,21000,Treatment plant,flow-population,652.3636571088308,2022-05-03,2022-12-15,226,0.0539797469973564,3410994812157.2485,0,0.3990000000000001,0.5091603444469295,1.3610643632366235
544,19103,Johnson,Iowa,75849,Treatment plant,flow-population,743.8822368548381,2022-07-17,2022-12-13,149,0.0313212014734745,2025375585971.6023,14,0.5000000000000002,0.6931471805599457,0.999787663336051
1447,19123,Mahaska,Iowa,5201,Treatment plant,flow-population,497.6205079510695,2022-07-25,2022-12-14,142,0.1434900909662246,3396361759452.0664,6,0.4510000000000001,0.5996568374726066,1.155660965896445
1449,19123,Mahaska,Iowa,6357,Treatment plant,flow-population,333.84725170147703,2022-07-25,2022-12-14,142,0.0308244656771421,2523639475847.888,14,0.4970000000000001,0.687165108882398,1.008491250562899
1496,19191,Winneshiek,Iowa,8500,Treatment plant,flow-population,379.66657445825706,2022-08-30,2022-12-14,106,0.0787188336253166,2989132900648.628,14,0.5000000000000002,0.6931471805599457,0.999787663336051
1303,19193,Woodbury,Iowa,102000,Treatment plant,flow-population,834.1923117127443,2022-06-27,2022-12-14,170,35028.859375,989599908883580.6,0,0.5000000000000002,0.6931471805599457,0.999787663336051
807,20057,Ford,Kansas,27000,Treatment plant,flow-population,1527.1915279002403,2022-05-02,2022-12-07,219,0.0189499780535697,516240727916.8767,12,0.392,0.4975803970159702,1.3927397545320854
1305,20091,Johnson,Kansas,54985,Treatment plant,flow-population,747.2463858714646,2022-06-28,2022-12-13,168,0.0237864684313535,7674257260631.506,14,0.381,0.4796500062975409,1.4448034835844696
1292,20091,Johnson,Kansas,66377,Treatment plant,flow-population,744.4718575761556,2022-06-28,2022-12-11,166,0.0635289996862411,6916495004465.211,5,0.379,0.4764241970486583,1.4545860690808328
1300,20091,Johnson,Kansas,42235,Treatment plant,flow-population,781.2422937755227,2022-06-28,2022-12-13,168,0.0254875198006629,16358416888109.477,11,0.4470000000000001,0.5923972774598024,1.1698230669991962
1304,20091,Johnson,Kansas,73829,Treatment plant,flow-population,1331.617038537331,2022-06-28,2022-12-13,168,0.0306795369833707,11865976495732.107,8,0.376,0.4716049106127096,1.4694503479610797
1299,20091,Johnson,Kansas,112076,Treatment plant,flow-population,770.2046051250713,2022-06-28,2022-12-13,168,0.045845590531826,3717120688697.688,14,0.376,0.4716049106127096,1.4694503479610797
472,20155,Reno,Kansas,40000,Treatment plant,flow-population,441.71133823961975,2022-05-22,2022-12-13,205,0.0124938180670142,486462148040.1784,14,0.3970000000000001,0.5058380822549516,1.3700036124419657
787,20177,Shawnee,Kansas,90000,Treatment plant,flow-population,805.6323700174255,2022-05-02,2022-12-14,226,6924.62890625,170420282401050.38,0,0.5000000000000002,0.6931471805599457,0.999787663336051
833,20177,Shawnee,Kansas,50000,Treatment plant,flow-population,872.3882756064722,2022-05-02,2022-12-14,226,0.0587055534124374,1650964830339.9238,14,0.3950000000000001,0.5025268209512956,1.3790308718012978
1116,22033,East Baton Rouge,Louisiana,99712,Treatment plant,flow-population,293.55040359196823,2022-05-17,2022-12-14,211,0.0111227473244071,1892182164909.4944,4,0.382,0.4812668215244465,1.4399496682627606
1107,22033,East Baton Rouge,Louisiana,262326,Treatment plant,flow-population,1136.4502235218893,2022-05-10,2022-12-14,218,6676114.5,1.6584193654345293e+17,0,0.5000000000000002,0.6931471805599457,0.999787663336051
1229,22079,Rapides,Louisiana,60000,Treatment plant,flow-population,627.3045869131114,2022-06-14,2022-12-13,182,9747.796875,428319795409336.3,14,0.5000000000000002,0.6931471805599457,0.999787663336051
347,23013,Knox,Maine,7000,Treatment plant,flow-population,402.20959646310905,2022-06-01,2022-12-12,194,0.0433398000895977,1145748584065.1516,13,0.4330000000000001,0.5673959752543851,1.2213692557288616
65,23015,Lincoln,Maine,1759,Treatment plant,flow-population,286.4546077068684,2022-05-01,2022-12-13,226,0.0853451043367385,1657302881184.181,14,0.5000000000000002,0.6931471805599457,0.999787663336051
507,23017,Oxford,Maine,1000,Treatment plant,flow-population,364.308969601873,2022-05-18,2022-12-14,210,0.0453204549849033,1365369330020.483,0,0.5000000000000002,0.6931471805599457,0.999787663336051
475,23021,Piscataquis,Maine,900,Before treatment plant,flow-population,158.541800142345,2022-05-01,2022-12-13,226,0.0841280817985534,1991766350701.934,14,0.5000000000000002,0.6931471805599457,0.999787663336051
560,23023,Sagadahoc,Maine,8514,Treatment plant,flow-population,1474.7824702968858,2022-05-18,2022-12-14,210,0.0550912618637084,1258967591840.714,10,0.369,0.4604494164409239,1.5050513156398202
1206,23031,York,Maine,21000,Before treatment plant,flow-population,187.66462999796136,2022-05-23,2022-12-15,206,0.0200920887291431,607193790250.424,7,0.366,0.4557063245449113,1.5207162215535648
1260,24003,Anne Arundel,Maryland,89000,Treatment plant,flow-population,560.2772591284964,2022-06-20,2022-12-14,177,0.3699829578399658,5460581855255.932,0,0.377,0.4732087601946839,1.4644699301739283
1285,24003,Anne Arundel,Maryland,13000,Treatment plant,flow-population,412.311771469892,2022-06-21,2022-12-14,176,0.2098264545202255,8930911294330.322,3,0.3,0.3566749439387324,1.94294556367559
1268,24003,Anne Arundel,Maryland,150000,Treatment plant,flow-population,531.4951921032327,2022-06-20,2022-12-14,177,0.1907732337713241,3499875335191.338,7,0.378,0.4748151862429577,1.4595152389363542
1278,24003,Anne Arundel,Maryland,22000,Treatment plant,flow-population,781.5969407514713,2022-06-21,2022-12-13,175,0.0596522279083728,48416108299789.99,14,0.4930000000000001,0.6792442753909541,1.0202515134943588
1262,24003,Anne Arundel,Maryland,11000,Treatment plant,flow-population,396.832948714257,2022-06-20,2022-12-14,177,0.1500667929649353,11061078750426.377,6,0.3,0.3566749439387324,1.94294556367559
1284,24003,Anne Arundel,Maryland,78000,Treatment plant,flow-population,663.0628582328604,2022-06-20,2022-12-14,177,0.2141156792640686,7728123175432.955,14,0.392,0.4975803970159702,1.3927397545320854
1261,24003,Anne Arundel,Maryland,91000,Treatment plant,flow-population,366.9397959121835,2022-06-20,2022-12-14,177,0.4044243693351745,3308923232539.3574,9,0.376,0.4716049106127096,1.4694503479610797
470,25013,Hampden,Massachusetts,55000,Treatment plant,flow-population,604.4361550958928,2022-05-22,2022-12-13,205,0.078955203294754,684910888321.0765,14,0.5000000000000002,0.6931471805599457,0.999787663336051
1393,28071,Lafayette,Mississippi,27662,Treatment plant,flow-population,749.203233766122,2022-08-03,2022-11-30,119,0.0337685756385326,980651161470.3992,6,0.351,0.432322562278047,1.6029697741157884
1312,31101,Keith,Nebraska,4793,Treatment plant,flow-population,696.5595958566537,2022-07-05,2022-09-12,69,1.3698322772979736,2693883711262.3184,0,0.3,0.3566749439387324,1.94294556367559
1411,31155,Saunders,Nebraska,4800,Treatment plant,flow-population,348.50215187078294,2022-08-10,2022-12-13,125,0.340372234582901,2781744237160.32,14,0.3,0.3566749439387324,1.94294556367559
663,32003,Clark,Nevada,265000,Treatment plant,flow-population,780.9089690104661,2022-05-23,2022-12-14,205,0.2749945223331451,2567237542631.0093,14,0.359,0.444725822061467,1.5582634639645867
703,32003,Clark,Nevada,650000,Treatment plant,flow-population,773.5431066122849,2022-05-02,2022-12-07,219,98004576.0,2.619358903117397e+18,0,0.5000000000000002,0.6931471805599457,0.999787663336051
1082,32003,Clark,Nevada,984000,Treatment plant,flow-population,1614.5838682383862,2022-05-02,2022-12-14,226,13579812864.0,1.1215218198179394e+20,0,0.5000000000000002,0.6931471805599457,0.999787663336051
777,32003,Clark,Nevada,246258,Treatment plant,flow-population,1246.7816759836364,2022-06-01,2022-12-14,196,0.210143432021141,3207186600895.084,14,0.312,0.3739664410487934,1.8531074554617064
285,33003,Carroll,New Hampshire,25000,Treatment plant,flow-population,88.97781902649962,2022-05-19,2022-12-13,208,0.1468876898288726,197048288106.57,2,0.373,0.4668087383492164,1.4845480452029831
1706,33013,Merrimack,New Hampshire,4000,Treatment plant,microbial,2.131535746540708e-09,2022-10-12,2022-12-12,61,0.1282117664813995,22.8,12,0.3,0.3566749439387324,1.94294556367559
497,33013,Merrimack,New Hampshire,45000,Treatment plant,flow-population,462.2312309133796,2022-05-18,2022-12-14,210,0.0228275749832391,991791479875.2606,14,0.329,0.3989861420104552,1.7369024310168657
402,33019,Sullivan,New Hampshire,6500,Treatment plant,flow-population,230.54740596767908,2022-05-22,2022-12-13,205,0.1547895520925521,897480851752.3418,14,0.4830000000000001,0.6597124044737082,1.0504577377968924
1385,34017,Hudson,New Jersey,145000,Treatment plant,flow-population,642.4791078253596,2022-07-31,2022-12-13,135,1734199.75,2.354158024783014e+16,14,0.5000000000000002,0.6931471805599457,0.999787663336051
1291,34031,Passaic,New Jersey,54000,Treatment plant,flow-population,870.5520475982136,2022-06-26,2022-12-13,170,0.048939861357212,1002990777981.3256,14,0.5000000000000002,0.6931471805599457,0.999787663336051
853,35028,Los Alamos,New Mexico,13179,Treatment plant,flow-population,610.1421393395391,2022-06-14,2022-12-15,184,0.0135752893984317,1428568353893.9507,14,0.311,0.3725140079684784,1.8603327262223133
854,35028,Los Alamos,New Mexico,5852,Treatment plant,flow-population,1270.8905206790232,2022-06-14,2022-12-15,184,0.1323469132184982,17271323813384.271,14,0.5000000000000002,0.6931471805599457,0.999787663336051
1386,35028,Los Alamos,New Mexico,13000,Treatment plant,flow-population,3.0176690340605448,2022-07-20,2022-12-14,147,0.0957293733954429,9250960729.701271,14,0.372,0.4652151125139385,1.4896334649473293
1306,36059,Nassau,New York,524955,Treatment plant,flow-population,1206.2991854605216,2022-06-30,2022-12-08,161,100289040.0,5.065903572471848e+17,14,0.5000000000000002,0.6931471805599457,0.999787663336051
1021,36059,Nassau,New York,20616,Treatment plant,flow-population,1358.8791478662547,2022-04-19,2022-12-08,233,0.0338160209357738,1800740579376.0488,13,0.321,0.3871341514234409,1.790077154009614
719,36059,Nassau,New York,24041,Treatment plant,flow-population,893.5277109503463,2022-02-09,2022-12-05,299,0.0959942266345024,8495910331837.121,0,0.5000000000000002,0.6931471805599457,0.999787663336051
836,36059,Nassau,New York,611349,Treatment plant,flow-population,314.9797494038588,2022-03-09,2022-12-07,273,1453362944.0,4.64620798112004e+17,0,0.5000000000000002,0.6931471805599457,0.999787663336051
537,37167,Stanly,North Carolina,20000,Treatment plant,flow-population,600.7051921977522,2022-06-19,2022-12-13,177,0.0406791307032108,839712140858.6335,14,0.365,0.4541302800894454,1.5259938180372092
539,37181,Vance,North Carolina,15000,Treatment plant,flow-population,978.171411183661,2022-05-01,2022-12-04,217,0.020910121500492,683497047341.4703,10,0.38,0.478035800943,1.4496822175932211
1463,38035,Grand Forks,North Dakota,67000,Treatment plant,flow-population,371.1456592532154,2022-08-22,2022-12-12,112,0.0586173310875892,823487481742.114,14,0.5000000000000002,0.6931471805599457,0.999787663336051
1471,38089,Stark,North Dakota,25679,Treatment plant,flow-population,612.4027000609043,2022-08-23,2022-12-08,107,0.0932767689228057,734057672386.762,0,0.382,0.4812668215244465,1.4399496682627606
36,39153,Summit,Ohio,377378,Treatment plant,flow-population,53.42440185032175,2022-07-10,2022-12-13,156,98568080.0,4.779472601397069e+16,14,0.5000000000000002,0.6931471805599457,0.999787663336051
831,40009,Beckham,Oklahoma,11500,Treatment plant,flow-population,568.121021453324,2022-06-01,2022-12-13,195,0.0560800246894359,497169575274.52747,11,0.346,0.4246479275249384,1.631940144013306
1264,40019,Carter,Oklahoma,25000,Treatment plant,flow-population,1111.342003338189,2022-06-19,2022-12-07,171,0.0230147633701562,486081170345.7402,14,0.376,0.4716049106127096,1.4694503479610797
769,40031,Comanche,Oklahoma,93000,Treatment plant,flow-population,770.3812948660375,2022-07-11,2022-12-11,153,88984.1796875,2980555826650453.0,14,0.5000000000000002,0.6931471805599457,0.999787663336051
1454,42017,Bucks,Pennsylvania,55000,Treatment plant,flow-population,613.1793067027251,2022-08-15,2022-12-14,121,0.0856325179338455,1954683963158.842,14,0.4140000000000001,0.5344354894051246,1.2966953238292092
1369,42129,Westmoreland,Pennsylvania,25000,Treatment plant,flow-population,696.7616512059,2022-07-17,2022-12-05,141,0.0579839013516902,3059260511202.886,0,0.383,0.4828862550767492,1.435120574906104
1376,42129,Westmoreland,Pennsylvania,4600,Treatment plant,flow-population,398.5762922041155,2022-07-11,2022-12-07,149,0.051902662962675,6066101526418.623,10,0.3,0.3566749439387324,1.94294556367559
1473,42129,Westmoreland,Pennsylvania,32000,Treatment plant,flow-population,267.00497483109655,2022-08-23,2022-12-08,107,0.0559470579028129,1165214098163.2307,1,0.382,0.4812668215244465,1.4399496682627606
835,44001,Bristol,Rhode Island,11000,Treatment plant,flow-population,660.9466832176107,2022-06-07,2022-12-15,191,0.0808990076184272,4651464314209.187,14,0.5000000000000002,0.6931471805599457,0.999787663336051
677,44001,Bristol,Rhode Island,21100,Treatment plant,flow-population,813.1721577770464,2022-05-16,2022-12-14,212,0.0514126792550087,1128493559783.4607,14,0.302,0.3595361762197646,1.927483368395194
1134,44003,Kent,Rhode Island,60224,Treatment plant,flow-population,363.4693391415855,2022-05-15,2022-12-11,210,0.0445346646010875,930843694218.2563,14,0.335,0.4079682383262829,1.6986616478848429
565,44003,Kent,Rhode Island,6000,Treatment plant,flow-population,345.26914489473586,2022-06-20,2022-12-14,177,0.0384637713432312,74380740268865.83,14,0.5000000000000002,0.6931471805599457,0.999787663336051
1224,44003,Kent,Rhode Island,33000,Treatment plant,flow-population,608.9857387320194,2022-06-13,2022-12-14,184,0.0348069332540035,3729616333712.437,14,0.4000000000000001,0.5108256237659909,1.3566273259570532
76,44007,Providence,Rhode Island,10000,Treatment plant,flow-population,730.3823732257616,2022-06-08,2022-12-14,189,0.4164797663688659,6499090791792.051,14,0.3,0.3566749439387324,1.94294556367559
464,44007,Providence,Rhode Island,240000,Treatment plant,flow-population,1057.5745255718184,2022-05-11,2022-12-14,217,5508313.0,9.184472593811693e+16,14,0.5000000000000002,0.6931471805599457,0.999787663336051
548,44007,Providence,Rhode Island,120000,Treatment plant,flow-population,1035.1974106414275,2022-05-10,2022-12-13,217,0.1277783364057541,2831267134273.2886,14,0.347,0.4261781497057059,1.6260805498323785
1265,45043,Georgetown,South Carolina,12000,Treatment plant,flow-population,1572.1618562759668,2022-06-27,2022-12-12,168,0.6453145146369934,12795860171278.8,14,0.3,0.3566749439387324,1.94294556367559
600,45047,Greenwood,South Carolina,48000,Treatment plant,flow-population,488.1252103748763,2022-05-03,2022-12-14,225,0.2844365537166595,26941688103411.312,14,0.5000000000000002,0.6931471805599457,0.999787663336051
599,45047,Greenwood,South Carolina,12000,Treatment plant,flow-population,489.0943412908728,2022-05-03,2022-12-13,224,0.4272255003452301,7215922462961.369,0,0.3,0.3566749439387324,1.94294556367559
1541,45051,Horry,South Carolina,30000,Treatment plant,flow-population,461.6171682187952,2022-09-25,2022-12-13,79,0.6936006546020508,8187191446962.0,14,0.3,0.3566749439387324,1.94294556367559
672,46103,Pennington,South Dakota,80000,Treatment plant,flow-population,629.6571746930888,2022-06-12,2022-12-06,177,15202.841796875,429914444572724.1,14,0.5000000000000002,0.6931471805599457,0.999787663336051
1165,46135,Yankton,South Dakota,15500,Treatment plant,flow-population,736.9722766415894,2022-06-01,2022-12-13,195,0.1074607893824577,1179660185587.36,10,0.379,0.4764241970486583,1.4545860690808328
1283,47037,Davidson,Tennessee,600000,Treatment plant,flow-population,541.6240481801599,2022-06-27,2022-12-14,170,0.5742840766906738,280865264074500.0,0,0.3,0.3566749439387324,1.94294556367559
1539,47163,Sullivan,Tennessee,50000,Treatment plant,flow-population,620.7694383894528,2022-09-25,2022-12-13,79,0.5159820914268494,31460062983555.0,14,0.3,0.3566749439387324,1.94294556367559
1445,47165,Sumner,Tennessee,45000,Treatment plant,flow-population,987.21388144875,2022-07-31,2022-12-13,135,0.3251414000988006,53723372229441.0,14,0.3,0.3566749439387324,1.94294556367559
805,48113,Dallas,Texas,900000,Treatment plant,flow-population,529.6670057411961,2022-06-05,2022-12-13,191,47824620.0,4.714471944454017e+17,0,0.5000000000000002,0.6931471805599457,0.999787663336051
1210,48113,Dallas,Texas,900000,Treatment plant,flow-population,1856.8447347766144,2022-06-05,2022-12-13,191,47770612.0,1.0991766018099872e+18,0,0.5000000000000002,0.6931471805599457,0.999787663336051
1673,48113,Dallas,Texas,200000,Treatment plant,microbial,6.209689897526626e-10,2022-03-07,2022-12-14,282,0.0449247434735298,3.619867512357168,14,0.3940000000000001,0.5008752929128228,1.3835779280904086
1683,48113,Dallas,Texas,186000,Treatment plant,microbial,0.0,2022-02-27,2022-12-13,289,0.0310254860669374,0.7984234341612785,14,0.386,0.4877603508349948,1.4207796898900378
566,48141,El Paso,Texas,143000,Treatment plant,flow-population,724.6393233251158,2022-06-29,2022-11-30,154,0.119235374033451,38347030903950.93,14,0.3,0.3566749439387324,1.94294556367559
681,48141,El Paso,Texas,142000,Treatment plant,flow-population,1877.9238681867816,2022-06-28,2022-12-13,168,0.2887528240680694,40768604784132.805,6,0.3,0.3566749439387324,1.94294556367559
709,48141,El Paso,Texas,170000,Treatment plant,flow-population,393.9193222887629,2022-06-28,2022-12-13,168,0.1130984500050544,5338252036557.578,14,0.3,0.3566749439387324,1.94294556367559
673,48141,El Paso,Texas,436000,Treatment plant,flow-population,1265.0885140962075,2022-06-28,2022-12-13,168,0.4035689830780029,10538702150570.854,14,0.3,0.3566749439387324,1.94294556367559
1494,48167,Galveston,Texas,20000,Treatment plant,flow-population,1286.4242394072207,2022-08-30,2022-12-13,105,0.028954466804862,23100536163661.31,14,0.5000000000000002,0.6931471805599457,0.999787663336051
593,48167,Galveston,Texas,89600,Treatment plant,flow-population,492.2876556172218,2022-06-01,2022-12-14,196,27920.12109375,605667743294983.2,14,0.5000000000000002,0.6931471805599457,0.999787663336051
667,48167,Galveston,Texas,26400,Treatment plant,flow-population,486.8270420863896,2022-06-06,2022-12-14,191,0.0107226138934493,2994922036205.4336,6,0.376,0.4716049106127096,1.4694503479610797
1131,48257,Kaufman,Texas,138700,Treatment plant,flow-population,2150.1712216322458,2022-05-14,2022-12-10,210,614759.0,1.5925721440308078e+16,0,0.5000000000000002,0.6931471805599457,0.999787663336051
1140,48453,Travis,Texas,500000,Treatment plant,flow-population,1824.5158127961288,2022-05-19,2022-12-14,209,26353050.0,5.044780144003816e+17,0,0.5000000000000002,0.6931471805599457,0.999787663336051
1141,48453,Travis,Texas,510000,Treatment plant,flow-population,1475.0358909888369,2022-05-15,2022-12-13,212,33844228.0,5.328710301548151e+17,0,0.5000000000000002,0.6931471805599457,0.999787663336051
863,48479,Webb,Texas,30000,Treatment plant,flow-population,3809.6293953197833,2022-06-08,2022-12-14,189,0.0318409875035285,14955431448711.67,14,0.5000000000000002,0.6931471805599457,0.999787663336051
865,48479,Webb,Texas,120000,Treatment plant,flow-population,2138.846496643522,2022-06-05,2022-12-13,191,0.0312486719340086,3831660265050.4585,9,0.341,0.4170317444796297,1.661744001921777
867,48479,Webb,Texas,140000,Treatment plant,flow-population,1881.7803539960648,2022-06-05,2022-12-13,191,0.0345597602427005,1695432645449.8728,14,0.5000000000000002,0.6931471805599457,0.999787663336051
1736,49035,Salt Lake,Utah,600000,Treatment plant,microbial,5.500964455546953e-10,2022-10-31,2022-12-14,44,2976818.25,127843.73500235536,0,0.5000000000000002,0.6931471805599457,0.999787663336051
1157,50003,Bennington,Vermont,15000,Treatment plant,flow-population,756.2738237832291,2022-05-30,2022-12-12,196,0.150790736079216,1209040445606.13,0,0.377,0.4732087601946839,1.4644699301739283
770,50011,Franklin,Vermont,7500,Treatment plant,flow-population,945.3552218963428,2022-05-24,2022-12-15,205,0.050413854420185,8208633298769.938,5,0.5000000000000002,0.6931471805599457,0.999787663336051
1259,51005,"Clifton Forge City,Alleghany",Virginia,5000,Treatment plant,flow-population,1017.0834614169872,2022-06-22,2022-12-14,175,0.051589410752058,1149592655196.6768,11,0.359,0.444725822061467,1.5582634639645867
1113,51013,Arlington,Virginia,207627,Treatment plant,flow-population,1291.0410463151347,2022-05-15,2022-12-13,212,187192160.0,2.3076543160456576e+18,14,0.5000000000000002,0.6931471805599457,0.999787663336051
1272,51067,Franklin,Virginia,5000,Treatment plant,flow-population,659.5550177900717,2022-06-20,2022-12-14,177,0.0268140137195587,1489775191745.7776,4,0.4310000000000001,0.5638748448558062,1.2289961262187774
1202,51069,Frederick,Virginia,51470,Treatment plant,flow-population,917.1148545504528,2022-06-06,2022-12-14,191,0.0536103621125221,1906451511036.0515,14,0.387,0.4893903430459256,1.4160475576343097
1160,51085,Hanover,Virginia,20000,Treatment plant,flow-population,906.7376040615488,2022-05-30,2022-12-14,198,0.0475489124655723,1773162841428.2217,5,0.386,0.4877603508349948,1.4207796898900378
540,51089,Henry,Virginia,16000,Treatment plant,flow-population,1027.6858030380054,2022-07-03,2022-12-14,164,0.1746322959661483,1121812967301.6165,1,0.378,0.4748151862429577,1.4595152389363542
51,51107,Loudoun,Virginia,10178,Treatment plant,flow-population,17.109354215502293,2021-09-13,2022-07-18,308,0.031761135905981,10666927505.333317,10,0.365,0.4541302800894454,1.5259938180372092
1338,51117,Mecklenburg,Virginia,5300,Treatment plant,flow-population,596.3034077571256,2022-07-18,2022-12-14,149,0.0585990399122238,1339944104103.867,0,0.5000000000000002,0.6931471805599457,0.999787663336051
1198,51195,Wise,Virginia,9340,Treatment plant,flow-population,787.5407847109025,2022-06-06,2022-12-14,191,0.0664509162306785,1950626771112.8264,0,0.382,0.4812668215244465,1.4399496682627606
1218,51730,Petersburg City,Virginia,30000,Before treatment plant,flow-population,1172.902135879547,2022-06-14,2022-12-15,184,0.0511655285954475,2782256320144.8906,6,0.4030000000000001,0.515838165589535,1.343444603809011
754,53005,Benton,Washington,59609,Treatment plant,flow-population,8016.473709672199,2021-10-11,2022-08-24,317,21150.751953125,2338686416783268.5,0,0.5000000000000002,0.6931471805599457,0.999787663336051
755,53005,Benton,Washington,15000,Treatment plant,flow-population,3644.7360005071446,2022-03-01,2022-12-08,282,0.0270622614771127,49603544232659.86,12,0.5000000000000002,0.6931471805599457,0.999787663336051
768,53061,Snohomish,Washington,173800,Treatment plant,flow-population,948.4602339579196,2022-05-01,2022-12-13,226,851174.625,3.3172468277746908e+16,14,0.5000000000000002,0.6931471805599457,0.999787663336051
555,53061,Snohomish,Washington,20000,Treatment plant,flow-population,806.0491986115426,2022-06-01,2022-12-14,196,0.06463257968425751,24181307620875.01,14,0.5000000000000002,0.6931471805599457,0.999787663336051
679,53061,Snohomish,Washington,7125,Treatment plant,flow-population,635.5248486521413,2022-06-13,2022-12-13,183,0.18455494940280914,7439594558735.818,8,0.3,0.35667494393873245,1.94294556367559
661,53061,Snohomish,Washington,37650,Treatment plant,flow-population,661.2478064219515,2022-05-30,2022-12-14,198,0.02080393023788929,6761439580400.305,12,0.35500000000000004,0.43850496218636453,1.580369801392293
391,55025,Dane,Wisconsin,33000,Treatment plant,flow-population,239.85565672970245,2022-01-13,2022-12-08,329,0.08388867229223251,1396985698720.4087,9,0.3,0.35667494393873245,1.94294556367559
1277,55025,Dane,Wisconsin,360000,Treatment plant,flow-population,928.3638813485215,2022-06-21,2022-12-13,175,10525438.0,1.3252456122465304e+17,14,0.5000000000000002,0.6931471805599457,0.999787663336051
231,55025,Dane,Wisconsin,345000,Treatment plant,flow-population,370.1830697577432,2022-01-07,2022-12-13,340,3927588864.0,3.763360309759494e+18,14,0.5000000000000002,0.6931471805599457,0.999787663336051
433,55073,Marathon,Wisconsin,42350,Treatment plant,flow-population,93.05626499152436,2022-01-08,2022-12-10,336,96187.7109375,149061407487794.5,14,0.5000000000000002,0.6931471805599457,0.999787663336051
1317,56037,Sweetwater,Wyoming,12000,Treatment plant,flow-population,478.68774419419753,2022-07-10,2022-12-13,156,0.05921076238155365,1995397848171.4153,14,0.37200000000000005,0.46521511251393854,1.4896334649473293
188,56039,Teton,Wyoming,13036,Treatment plant,flow-population,1532.110427221726,2022-08-08,2022-12-14,128,0.014543083496391773,1257306282800.248,5,0.36700000000000005,0.45728485683796083,1.515466759148696
