sampling_week,effective_concentration_rolling_average,population,region
2020-01-01,134.84196356544973,"100,000-300,000",Midwest
2020-01-01,107.8735708523598,"100,000-300,000",Nationwide
2020-01-15,22.473660594241625,"1,000,000-3,000,000",Nationwide
2020-01-15,0.0,"1,000,000-3,000,000",Northeast
2020-01-22,0.0,"1,000,000-3,000,000",Nationwide
2020-01-22,0.0,"1,000,000-3,000,000",Northeast
2020-01-29,0.0,"1,000,000-3,000,000",Nationwide
2020-01-29,0.0,"1,000,000-3,000,000",Northeast
2020-02-05,0.0,"1,000,000-3,000,000",Nationwide
2020-02-05,0.0,"1,000,000-3,000,000",Northeast
2020-02-12,0.0,"1,000,000-3,000,000",Nationwide
2020-02-12,0.0,"1,000,000-3,000,000",Northeast
2020-02-19,0.0,"1,000,000-3,000,000",Nationwide
2020-02-19,0.0,"1,000,000-3,000,000",Northeast
2020-02-19,0.0,"10,000-30,000",West
2020-02-26,0.0,"1,000,000-3,000,000",Nationwide
2020-02-26,0.0,"1,000,000-3,000,000",Northeast
2020-03-04,0.9667880764223664,"1,000,000-3,000,000",Nationwide
2020-03-04,1.4501821146335496,"1,000,000-3,000,000",Northeast
2020-03-11,8.681434751777827,"3,000,000-10,000,000",Nationwide
2020-03-11,12.590344274524805,"1,000,000-3,000,000",Northeast
2020-03-11,1.0363388475406434,"1,000,000-3,000,000",West
2020-03-18,137.46023789508834,"3,000,000-10,000,000",Nationwide
2020-03-18,317.4210166016331,"1,000,000-3,000,000",Northeast
2020-03-18,5.941894529052977,"1,000,000-3,000,000",West
2020-03-25,0.0,"10,000-30,000",Midwest
2020-03-25,511.6106796107722,"3,000,000-10,000,000",Nationwide
2020-03-25,1231.7363926720998,"3,000,000-10,000,000",Northeast
2020-03-25,53.10480374825213,"1,000,000-3,000,000",South
2020-03-25,26.123620271215813,"1,000,000-3,000,000",West
2020-04-01,0.7137391277999741,<3000,Midwest
2020-04-01,381.7691988562237,"3,000,000-10,000,000",Nationwide
2020-04-01,943.890745787327,"3,000,000-10,000,000",Northeast
2020-04-01,104.20343892683888,"1,000,000-3,000,000",South
2020-04-01,83.46150049844734,"1,000,000-3,000,000",West
2020-04-08,19.307988394638443,"30,000-100,000",Midwest
2020-04-08,580.658215394713,"3,000,000-10,000,000",Nationwide
2020-04-08,1947.620919256688,"3,000,000-10,000,000",Northeast
2020-04-08,77.72063968982245,"3,000,000-10,000,000",South
2020-04-08,103.19110098557344,"1,000,000-3,000,000",West
2020-04-15,185.7991105373594,"100,000-300,000",Midwest
2020-04-15,669.6392456766489,"10,000,000-30,000,000",Nationwide
2020-04-15,2471.7901483642945,"3,000,000-10,000,000",Northeast
2020-04-15,102.73360424019104,"3,000,000-10,000,000",South
2020-04-15,87.62585327127778,"1,000,000-3,000,000",West
2020-04-22,637.903616542715,"1,000,000-3,000,000",Midwest
2020-04-22,909.844556289184,"10,000,000-30,000,000",Nationwide
2020-04-22,2859.987059640962,"3,000,000-10,000,000",Northeast
2020-04-22,216.9281479749557,"1,000,000-3,000,000",South
2020-04-22,161.12503213216257,"1,000,000-3,000,000",West
2020-04-29,823.5738860293824,"1,000,000-3,000,000",Midwest
2020-04-29,383.1343783013749,"10,000,000-30,000,000",Nationwide
2020-04-29,901.9546435083756,"3,000,000-10,000,000",Northeast
2020-04-29,160.19796522222225,"3,000,000-10,000,000",South
2020-04-29,151.4831070565477,"3,000,000-10,000,000",West
2020-05-06,682.1899477978383,"1,000,000-3,000,000",Midwest
2020-05-06,199.8018680098205,"10,000,000-30,000,000",Nationwide
2020-05-06,170.84967710409038,"3,000,000-10,000,000",Northeast
2020-05-06,224.99036264179213,"3,000,000-10,000,000",South
2020-05-06,129.9614961479853,"3,000,000-10,000,000",West
2020-05-13,266.1279326883604,"1,000,000-3,000,000",Midwest
2020-05-13,129.78351671807408,"10,000,000-30,000,000",Nationwide
2020-05-13,126.3499729936398,"3,000,000-10,000,000",Northeast
2020-05-13,193.01244304250008,"3,000,000-10,000,000",South
2020-05-13,63.80895912418264,"3,000,000-10,000,000",West
2020-05-20,117.82703582516604,"1,000,000-3,000,000",Midwest
2020-05-20,67.12320194182348,"10,000,000-30,000,000",Nationwide
2020-05-20,93.35519240510104,"3,000,000-10,000,000",Northeast
2020-05-20,96.80293528596276,"3,000,000-10,000,000",South
2020-05-20,24.88290880755028,"10,000,000-30,000,000",West
2020-05-27,96.32179262451936,"1,000,000-3,000,000",Midwest
2020-05-27,70.92597351769903,"10,000,000-30,000,000",Nationwide
2020-05-27,70.08827015869511,"3,000,000-10,000,000",Northeast
2020-05-27,115.04694888751897,"3,000,000-10,000,000",South
2020-05-27,30.554003757402416,"3,000,000-10,000,000",West
2020-06-03,116.358909655898,"1,000,000-3,000,000",Midwest
2020-06-03,80.7130512042944,"10,000,000-30,000,000",Nationwide
2020-06-03,52.05267607571114,"3,000,000-10,000,000",Northeast
2020-06-03,146.31858315560757,"3,000,000-10,000,000",South
2020-06-03,45.87080186441791,"10,000,000-30,000,000",West
2020-06-10,208.16700607953183,"1,000,000-3,000,000",Midwest
2020-06-10,116.67060734055032,"10,000,000-30,000,000",Nationwide
2020-06-10,53.61690494255601,"3,000,000-10,000,000",Northeast
2020-06-10,199.89578558841308,"3,000,000-10,000,000",South
2020-06-10,72.31455043503608,"3,000,000-10,000,000",West
2020-06-17,132.95942420317124,"1,000,000-3,000,000",Midwest
2020-06-17,108.15343890210676,"10,000,000-30,000,000",Nationwide
2020-06-17,45.91237197210776,"3,000,000-10,000,000",Northeast
2020-06-17,174.43674612945924,"3,000,000-10,000,000",South
2020-06-17,93.32609166256292,"3,000,000-10,000,000",West
2020-06-24,71.35612691263975,"1,000,000-3,000,000",Midwest
2020-06-24,99.77440372722658,"10,000,000-30,000,000",Nationwide
2020-06-24,28.069893875687907,"3,000,000-10,000,000",Northeast
2020-06-24,173.0817014047349,"3,000,000-10,000,000",South
2020-06-24,83.34197489656506,"3,000,000-10,000,000",West
2020-07-01,73.3892630056328,"1,000,000-3,000,000",Midwest
2020-07-01,154.15509737852415,"10,000,000-30,000,000",Nationwide
2020-07-01,35.52506618632884,"3,000,000-10,000,000",Northeast
2020-07-01,326.8483012318857,"3,000,000-10,000,000",South
2020-07-01,50.22355127993925,"300,000-1,000,000",West
2020-07-08,94.92286327362608,"300,000-1,000,000",Midwest
2020-07-08,178.79411216752882,"10,000,000-30,000,000",Nationwide
2020-07-08,38.93198659824526,"3,000,000-10,000,000",Northeast
2020-07-08,360.0042947856134,"3,000,000-10,000,000",South
2020-07-08,48.29736447218855,"1,000,000-3,000,000",West
2020-07-15,148.4438517842886,"1,000,000-3,000,000",Midwest
2020-07-15,227.02488542716367,"10,000,000-30,000,000",Nationwide
2020-07-15,36.92212456650369,"3,000,000-10,000,000",Northeast
2020-07-15,458.49260646434095,"3,000,000-10,000,000",South
2020-07-15,66.87240435287102,"300,000-1,000,000",West
2020-07-22,149.11615714892184,"1,000,000-3,000,000",Midwest
2020-07-22,159.9748927584682,"10,000,000-30,000,000",Nationwide
2020-07-22,34.14518346334342,"3,000,000-10,000,000",Northeast
2020-07-22,295.2148927440281,"3,000,000-10,000,000",South
2020-07-22,94.33196302115596,"1,000,000-3,000,000",West
2020-07-29,132.06447463599204,"300,000-1,000,000",Midwest
2020-07-29,150.51444921391726,"3,000,000-10,000,000",Nationwide
2020-07-29,39.12668292206323,"1,000,000-3,000,000",Northeast
2020-07-29,266.45957801959617,"3,000,000-10,000,000",South
2020-07-29,88.10090707200168,"1,000,000-3,000,000",West
2020-08-05,168.18507252935208,"1,000,000-3,000,000",Midwest
2020-08-05,165.8671228401441,"10,000,000-30,000,000",Nationwide
2020-08-05,46.13014902115012,"3,000,000-10,000,000",Northeast
2020-08-05,260.8118912025148,"3,000,000-10,000,000",South
2020-08-05,96.170434887841,"1,000,000-3,000,000",West
2020-08-12,163.80727466467866,"1,000,000-3,000,000",Midwest
2020-08-12,126.16797473823902,"10,000,000-30,000,000",Nationwide
2020-08-12,40.23179324911308,"3,000,000-10,000,000",Northeast
2020-08-12,169.17101745553157,"3,000,000-10,000,000",South
2020-08-12,99.7514847370198,"3,000,000-10,000,000",West
2020-08-19,139.91126776184436,"1,000,000-3,000,000",Midwest
2020-08-19,106.68606834318194,"10,000,000-30,000,000",Nationwide
2020-08-19,36.76253770879446,"3,000,000-10,000,000",Northeast
2020-08-19,141.4228765801179,"3,000,000-10,000,000",South
2020-08-19,83.35694197397315,"1,000,000-3,000,000",West
2020-08-26,146.3990532352995,"1,000,000-3,000,000",Midwest
2020-08-26,107.88510860143992,"10,000,000-30,000,000",Nationwide
2020-08-26,44.181934959745966,"3,000,000-10,000,000",Northeast
2020-08-26,132.67686581450312,"3,000,000-10,000,000",South
2020-08-26,95.0026557318306,"1,000,000-3,000,000",West
2020-09-02,135.98510349846043,"1,000,000-3,000,000",Midwest
2020-09-02,100.05980131420024,"10,000,000-30,000,000",Nationwide
2020-09-02,54.96750440851204,"3,000,000-10,000,000",Northeast
2020-09-02,117.98723426131498,"3,000,000-10,000,000",South
2020-09-02,88.1046922052427,"1,000,000-3,000,000",West
2020-09-09,114.1312865067878,"1,000,000-3,000,000",Midwest
2020-09-09,76.49224020728651,"10,000,000-30,000,000",Nationwide
2020-09-09,49.57575416483744,"3,000,000-10,000,000",Northeast
2020-09-09,80.49560188409416,"3,000,000-10,000,000",South
2020-09-09,73.5747460198107,"1,000,000-3,000,000",West
2020-09-16,102.42514935344263,"1,000,000-3,000,000",Midwest
2020-09-16,65.13233136915004,"10,000,000-30,000,000",Nationwide
2020-09-16,46.14509180885144,"3,000,000-10,000,000",Northeast
2020-09-16,65.57255721149322,"3,000,000-10,000,000",South
2020-09-16,63.28419617894728,"1,000,000-3,000,000",West
2020-09-23,112.1347448567564,"1,000,000-3,000,000",Midwest
2020-09-23,67.46107273987049,"10,000,000-30,000,000",Nationwide
2020-09-23,48.47911929072305,"1,000,000-3,000,000",Northeast
2020-09-23,67.45663270331217,"3,000,000-10,000,000",South
2020-09-23,60.527119135674326,"1,000,000-3,000,000",West
2020-09-30,106.22461353470013,"1,000,000-3,000,000",Midwest
2020-09-30,71.03117352085108,"10,000,000-30,000,000",Nationwide
2020-09-30,50.63564057532201,"3,000,000-10,000,000",Northeast
2020-09-30,69.6374603619957,"3,000,000-10,000,000",South
2020-09-30,75.74017912383165,"3,000,000-10,000,000",West
2020-10-07,145.68532276053398,"1,000,000-3,000,000",Midwest
2020-10-07,91.91767207049422,"10,000,000-30,000,000",Nationwide
2020-10-07,66.37965779904656,"3,000,000-10,000,000",Northeast
2020-10-07,87.08059683179386,"3,000,000-10,000,000",South
2020-10-07,98.57746801101852,"1,000,000-3,000,000",West
2020-10-14,237.0594314178084,"1,000,000-3,000,000",Midwest
2020-10-14,134.9843995364523,"10,000,000-30,000,000",Nationwide
2020-10-14,99.19398342233764,"3,000,000-10,000,000",Northeast
2020-10-14,118.81127588234416,"3,000,000-10,000,000",South
2020-10-14,154.45577862034227,"1,000,000-3,000,000",West
2020-10-21,363.2114746656165,"1,000,000-3,000,000",Midwest
2020-10-21,170.12904335819448,"10,000,000-30,000,000",Nationwide
2020-10-21,128.5495690071613,"3,000,000-10,000,000",Northeast
2020-10-21,130.58955112057225,"3,000,000-10,000,000",South
2020-10-21,193.41558531501155,"1,000,000-3,000,000",West
2020-10-28,497.9243222982285,"1,000,000-3,000,000",Midwest
2020-10-28,193.02496307510907,"10,000,000-30,000,000",Nationwide
2020-10-28,154.8025074128454,"3,000,000-10,000,000",Northeast
2020-10-28,132.9951063358131,"3,000,000-10,000,000",South
2020-10-28,184.05113377989787,"1,000,000-3,000,000",West
2020-11-04,662.1846615852288,"1,000,000-3,000,000",Midwest
2020-11-04,293.26309480195823,"10,000,000-30,000,000",Nationwide
2020-11-04,246.3420890787837,"1,000,000-3,000,000",Northeast
2020-11-04,202.18667654274137,"3,000,000-10,000,000",South
2020-11-04,330.838924402844,"1,000,000-3,000,000",West
2020-11-11,850.6874114149572,"1,000,000-3,000,000",Midwest
2020-11-11,467.4616819477148,"10,000,000-30,000,000",Nationwide
2020-11-11,412.08651625300894,"3,000,000-10,000,000",Northeast
2020-11-11,334.053824626734,"3,000,000-10,000,000",South
2020-11-11,643.481577018961,"1,000,000-3,000,000",West
2020-11-18,1047.647038569511,"1,000,000-3,000,000",Midwest
2020-11-18,562.8614959196581,"10,000,000-30,000,000",Nationwide
2020-11-18,501.4185263929425,"3,000,000-10,000,000",Northeast
2020-11-18,489.3518998963596,"3,000,000-10,000,000",South
2020-11-18,525.1439386935044,"1,000,000-3,000,000",West
2020-11-25,927.525348474834,"1,000,000-3,000,000",Midwest
2020-11-25,621.821778427122,"10,000,000-30,000,000",Nationwide
2020-11-25,621.2566887279131,"1,000,000-3,000,000",Northeast
2020-11-25,639.1516275479557,"3,000,000-10,000,000",South
2020-11-25,427.76067373517714,"1,000,000-3,000,000",West
2020-12-02,746.8685116742639,"1,000,000-3,000,000",Midwest
2020-12-02,627.5730922895708,"10,000,000-30,000,000",Nationwide
2020-12-02,782.5019407743372,"3,000,000-10,000,000",Northeast
2020-12-02,610.6338003009047,"3,000,000-10,000,000",South
2020-12-02,438.7804706503208,"1,000,000-3,000,000",West
2020-12-09,646.8180474230835,"1,000,000-3,000,000",Midwest
2020-12-09,674.9153697603159,"10,000,000-30,000,000",Nationwide
2020-12-09,906.0807662255716,"3,000,000-10,000,000",Northeast
2020-12-09,645.1723000692424,"3,000,000-10,000,000",South
2020-12-09,454.1876409251881,"1,000,000-3,000,000",West
2020-12-16,887.1847448238896,"1,000,000-3,000,000",Midwest
2020-12-16,724.7267757767809,"10,000,000-30,000,000",Nationwide
2020-12-16,935.9622945059244,"3,000,000-10,000,000",Northeast
2020-12-16,648.566814928142,"3,000,000-10,000,000",South
2020-12-16,552.1273220116815,"1,000,000-3,000,000",West
2020-12-23,1022.0046812978494,"300,000-1,000,000",Midwest
2020-12-23,754.9466212794745,"3,000,000-10,000,000",Nationwide
2020-12-23,914.50803008733,"3,000,000-10,000,000",Northeast
2020-12-23,694.2746157686125,"3,000,000-10,000,000",South
2020-12-23,548.8028434052561,"1,000,000-3,000,000",West
2020-12-30,769.8928620307166,"1,000,000-3,000,000",Midwest
2020-12-30,706.3291247132305,"3,000,000-10,000,000",Nationwide
2020-12-30,898.4497731550006,"3,000,000-10,000,000",Northeast
2020-12-30,624.3603707512221,"3,000,000-10,000,000",South
2020-12-30,522.4207008779565,"300,000-1,000,000",West
2021-01-06,881.8830090663747,"100,000-300,000",Midwest
2021-01-06,812.1703412071826,"3,000,000-10,000,000",Nationwide
2021-01-06,962.9447559424132,"3,000,000-10,000,000",Northeast
2021-01-06,801.1921168758572,"3,000,000-10,000,000",South
2021-01-06,485.89422399077097,"1,000,000-3,000,000",West
2021-01-13,683.8642650561577,"3,000,000-10,000,000",Nationwide
2021-01-13,853.0969243782265,"3,000,000-10,000,000",Northeast
2021-01-13,664.0285249687641,"3,000,000-10,000,000",South
2021-01-13,428.841602024077,"1,000,000-3,000,000",West
2021-01-20,465.4069154176949,"100,000-300,000",Midwest
2021-01-20,513.2933696469885,"3,000,000-10,000,000",Nationwide
2021-01-20,703.2597958723765,"3,000,000-10,000,000",Northeast
2021-01-20,492.62598696954245,"3,000,000-10,000,000",South
2021-01-20,272.98591256937607,"1,000,000-3,000,000",West
2021-01-27,546.4035652217555,"100,000-300,000",Midwest
2021-01-27,395.1257141452527,"3,000,000-10,000,000",Nationwide
2021-01-27,557.182472257932,"3,000,000-10,000,000",Northeast
2021-01-27,349.2610070724596,"3,000,000-10,000,000",South
2021-01-27,192.64782270149044,"1,000,000-3,000,000",West
2021-02-03,390.482012699,"100,000-300,000",Midwest
2021-02-03,306.4574548475495,"3,000,000-10,000,000",Nationwide
2021-02-03,398.7230489400226,"3,000,000-10,000,000",Northeast
2021-02-03,280.632517834746,"3,000,000-10,000,000",South
2021-02-03,142.90867789388466,"300,000-1,000,000",West
2021-02-10,148.41898825215657,"100,000-300,000",Midwest
2021-02-10,227.37492295983256,"3,000,000-10,000,000",Nationwide
2021-02-10,305.48311446256633,"3,000,000-10,000,000",Northeast
2021-02-10,193.71964151654709,"3,000,000-10,000,000",South
2021-02-10,135.2761449785166,"100,000-300,000",West
2021-02-17,141.16969988174444,"100,000-300,000",Midwest
2021-02-17,180.1667438334252,"3,000,000-10,000,000",Nationwide
2021-02-17,291.66113618392365,"1,000,000-3,000,000",Northeast
2021-02-17,138.32136020296485,"3,000,000-10,000,000",South
2021-02-17,73.04980424787973,"300,000-1,000,000",West
2021-02-24,107.85976447580744,"100,000-300,000",Midwest
2021-02-24,182.74775143514415,"3,000,000-10,000,000",Nationwide
2021-02-24,269.1176368268635,"3,000,000-10,000,000",Northeast
2021-02-24,150.94683334699337,"3,000,000-10,000,000",South
2021-02-24,54.08167471061842,"300,000-1,000,000",West
2021-03-03,99.64240006870595,"100,000-300,000",Midwest
2021-03-03,194.09523580078192,"3,000,000-10,000,000",Nationwide
2021-03-03,256.1666393578618,"3,000,000-10,000,000",Northeast
2021-03-03,188.81597085907504,"3,000,000-10,000,000",South
2021-03-03,45.35484000569326,"300,000-1,000,000",West
2021-03-10,81.36715149904167,"100,000-300,000",Midwest
2021-03-10,188.8739709443635,"3,000,000-10,000,000",Nationwide
2021-03-10,215.1086961504564,"3,000,000-10,000,000",Northeast
2021-03-10,197.74742356018703,"3,000,000-10,000,000",South
2021-03-10,41.64654266602641,"100,000-300,000",West
2021-03-17,99.23365398330576,"100,000-300,000",Midwest
2021-03-17,163.9500138089708,"3,000,000-10,000,000",Nationwide
2021-03-17,241.83509638680823,"3,000,000-10,000,000",Northeast
2021-03-17,132.30617709748034,"3,000,000-10,000,000",South
2021-03-17,78.78380476972585,"300,000-1,000,000",West
2021-03-24,84.49478440333398,"100,000-300,000",Midwest
2021-03-24,181.0841349508014,"3,000,000-10,000,000",Nationwide
2021-03-24,262.2123431707114,"3,000,000-10,000,000",Northeast
2021-03-24,143.12469077875645,"3,000,000-10,000,000",South
2021-03-24,103.63002576795029,"300,000-1,000,000",West
2021-03-31,121.21017994677544,"100,000-300,000",Midwest
2021-03-31,200.6647134033947,"3,000,000-10,000,000",Nationwide
2021-03-31,281.7992300966138,"3,000,000-10,000,000",Northeast
2021-03-31,171.3820528803734,"3,000,000-10,000,000",South
2021-03-31,106.6161210434042,"300,000-1,000,000",West
2021-04-07,184.80478754926352,"100,000-300,000",Midwest
2021-04-07,203.46298567944584,"3,000,000-10,000,000",Nationwide
2021-04-07,268.2149301629991,"3,000,000-10,000,000",Northeast
2021-04-07,177.50979448051214,"3,000,000-10,000,000",South
2021-04-07,107.05263157511956,"300,000-1,000,000",West
2021-04-14,208.62094524055144,"10,000-30,000",Midwest
2021-04-14,178.0192145194081,"3,000,000-10,000,000",Nationwide
2021-04-14,232.4665052532483,"3,000,000-10,000,000",Northeast
2021-04-14,151.50428164443682,"3,000,000-10,000,000",South
2021-04-14,113.46347679226515,"300,000-1,000,000",West
2021-04-21,196.2066409736466,"100,000-300,000",Midwest
2021-04-21,147.7150803293074,"3,000,000-10,000,000",Nationwide
2021-04-21,174.99688524252974,"3,000,000-10,000,000",Northeast
2021-04-21,125.71672503422228,"3,000,000-10,000,000",South
2021-04-21,129.42325319504985,"300,000-1,000,000",West
2021-04-28,174.05690319824762,"100,000-300,000",Midwest
2021-04-28,120.90397807628636,"3,000,000-10,000,000",Nationwide
2021-04-28,138.75621848903614,"3,000,000-10,000,000",Northeast
2021-04-28,104.60245861863945,"3,000,000-10,000,000",South
2021-04-28,112.43919280488252,"300,000-1,000,000",West
2021-05-05,116.75101836254096,"100,000-300,000",Midwest
2021-05-05,83.51964384870318,"3,000,000-10,000,000",Nationwide
2021-05-05,103.88544168362624,"3,000,000-10,000,000",Northeast
2021-05-05,69.75845455051811,"3,000,000-10,000,000",South
2021-05-05,77.11401898353887,"300,000-1,000,000",West
2021-05-12,106.29964482022136,"100,000-300,000",Midwest
2021-05-12,67.29615192134655,"3,000,000-10,000,000",Nationwide
2021-05-12,84.75383420612363,"3,000,000-10,000,000",Northeast
2021-05-12,57.09341084863039,"3,000,000-10,000,000",South
2021-05-12,53.53607548085347,"300,000-1,000,000",West
2021-05-19,87.12637209535002,"100,000-300,000",Midwest
2021-05-19,57.19154639435209,"3,000,000-10,000,000",Nationwide
2021-05-19,60.55659914061487,"3,000,000-10,000,000",Northeast
2021-05-19,50.819893039148106,"3,000,000-10,000,000",South
2021-05-19,75.07597893047256,"300,000-1,000,000",West
2021-05-26,33.95052362473485,"30,000-100,000",Midwest
2021-05-26,38.74785761125093,"3,000,000-10,000,000",Nationwide
2021-05-26,39.63647408200082,"3,000,000-10,000,000",Northeast
2021-05-26,35.005031137138936,"3,000,000-10,000,000",South
2021-05-26,81.09914020570339,"100,000-300,000",West
2021-06-02,22.988090221722228,"100,000-300,000",Midwest
2021-06-02,39.2619577737525,"3,000,000-10,000,000",Nationwide
2021-06-02,32.30817760694665,"3,000,000-10,000,000",Northeast
2021-06-02,45.152849422948016,"3,000,000-10,000,000",South
2021-06-02,52.8884810822615,"300,000-1,000,000",West
2021-06-09,29.95764376378808,"3,000,000-10,000,000",Midwest
2021-06-09,58.20488746523231,"10,000,000-30,000,000",Nationwide
2021-06-09,46.90181526292449,"3,000,000-10,000,000",Northeast
2021-06-09,79.85424181425599,"3,000,000-10,000,000",South
2021-06-09,51.00413808705875,"3,000,000-10,000,000",West
2021-06-16,42.68859689380978,"3,000,000-10,000,000",Midwest
2021-06-16,61.7401318422362,"30,000,000-100,000,000",Nationwide
2021-06-16,41.400494761742095,"3,000,000-10,000,000",Northeast
2021-06-16,83.00706978460067,"3,000,000-10,000,000",South
2021-06-16,61.74510419987183,"10,000,000-30,000,000",West
2021-06-23,59.66848590667897,"10,000,000-30,000,000",Midwest
2021-06-23,69.11205799650931,"30,000,000-100,000,000",Nationwide
2021-06-23,38.51022691982102,"3,000,000-10,000,000",Northeast
2021-06-23,88.2706672644681,"10,000,000-30,000,000",South
2021-06-23,75.2510023418072,"10,000,000-30,000,000",West
2021-06-30,39.11733782499425,"10,000,000-30,000,000",Midwest
2021-06-30,72.32860601227408,"30,000,000-100,000,000",Nationwide
2021-06-30,41.90130428228815,"3,000,000-10,000,000",Northeast
2021-06-30,99.67981264735016,"10,000,000-30,000,000",South
2021-06-30,84.37599942304352,"10,000,000-30,000,000",West
2021-07-07,39.47222303006416,"10,000,000-30,000,000",Midwest
2021-07-07,92.60916083182128,"30,000,000-100,000,000",Nationwide
2021-07-07,41.17384990191204,"3,000,000-10,000,000",Northeast
2021-07-07,151.96417494461875,"10,000,000-30,000,000",South
2021-07-07,88.58137545915918,"10,000,000-30,000,000",West
2021-07-14,58.08112064601874,"10,000,000-30,000,000",Midwest
2021-07-14,133.93805848160233,"30,000,000-100,000,000",Nationwide
2021-07-14,59.57838881346613,"3,000,000-10,000,000",Northeast
2021-07-14,233.63074595602583,"10,000,000-30,000,000",South
2021-07-14,109.15096378716903,"10,000,000-30,000,000",West
2021-07-21,98.0151061097268,"10,000,000-30,000,000",Midwest
2021-07-21,232.76595421368347,"30,000,000-100,000,000",Nationwide
2021-07-21,117.79391820062811,"3,000,000-10,000,000",Northeast
2021-07-21,410.718235657742,"10,000,000-30,000,000",South
2021-07-21,181.07619263000984,"10,000,000-30,000,000",West
2021-07-28,130.9122914880712,"10,000,000-30,000,000",Midwest
2021-07-28,345.89032642470767,"30,000,000-100,000,000",Nationwide
2021-07-28,193.8834526676277,"3,000,000-10,000,000",Northeast
2021-07-28,587.1568985381331,"10,000,000-30,000,000",South
2021-07-28,289.0871783667684,"10,000,000-30,000,000",West
2021-08-04,184.7259567857599,"10,000,000-30,000,000",Midwest
2021-08-04,425.50589063680826,"30,000,000-100,000,000",Nationwide
2021-08-04,227.30529170909384,"3,000,000-10,000,000",Northeast
2021-08-04,710.6336340336005,"10,000,000-30,000,000",South
2021-08-04,368.26570323968895,"10,000,000-30,000,000",West
2021-08-11,228.77612627219628,"10,000,000-30,000,000",Midwest
2021-08-11,471.3780746171212,"30,000,000-100,000,000",Nationwide
2021-08-11,272.5690832713455,"3,000,000-10,000,000",Northeast
2021-08-11,743.5622769823516,"10,000,000-30,000,000",South
2021-08-11,426.21485891610354,"10,000,000-30,000,000",West
2021-08-18,258.697380254821,"10,000,000-30,000,000",Midwest
2021-08-18,514.5156351323066,"30,000,000-100,000,000",Nationwide
2021-08-18,282.1583322947432,"3,000,000-10,000,000",Northeast
2021-08-18,812.0887562622485,"10,000,000-30,000,000",South
2021-08-18,444.1370436701953,"10,000,000-30,000,000",West
2021-08-25,401.38427205003785,"300,000-1,000,000",Midwest
2021-08-25,698.0950871210704,"10,000,000-30,000,000",Nationwide
2021-08-25,335.07517328167734,"3,000,000-10,000,000",Northeast
2021-08-25,1097.2346134445015,"3,000,000-10,000,000",South
2021-08-25,437.5304730991418,"1,000,000-3,000,000",West
2021-09-01,564.6562111846397,"300,000-1,000,000",Midwest
2021-09-01,824.9138904508567,"3,000,000-10,000,000",Nationwide
2021-09-01,368.9723375904741,"3,000,000-10,000,000",Northeast
2021-09-01,1314.0813456161816,"3,000,000-10,000,000",South
2021-09-01,380.18774092882114,"300,000-1,000,000",West
2021-09-08,554.9392260664216,"300,000-1,000,000",Midwest
2021-09-08,736.6163616254457,"3,000,000-10,000,000",Nationwide
2021-09-08,342.32939863697715,"3,000,000-10,000,000",Northeast
2021-09-08,1175.890138995473,"3,000,000-10,000,000",South
2021-09-08,410.0639818840799,"300,000-1,000,000",West
2021-09-15,605.6274629244448,"300,000-1,000,000",Midwest
2021-09-15,592.8030866317664,"3,000,000-10,000,000",Nationwide
2021-09-15,404.414004026191,"3,000,000-10,000,000",Northeast
2021-09-15,772.1841892368352,"3,000,000-10,000,000",South
2021-09-15,456.3529478934907,"300,000-1,000,000",West
2021-09-22,514.583962190619,"300,000-1,000,000",Midwest
2021-09-22,469.9073985996016,"3,000,000-10,000,000",Nationwide
2021-09-22,429.0790876319359,"3,000,000-10,000,000",Northeast
2021-09-22,507.9854927040931,"3,000,000-10,000,000",South
2021-09-22,385.8130897368291,"300,000-1,000,000",West
2021-09-29,513.216583641466,"300,000-1,000,000",Midwest
2021-09-29,471.93267075793386,"3,000,000-10,000,000",Nationwide
2021-09-29,533.4218128363223,"3,000,000-10,000,000",Northeast
2021-09-29,409.6295904530692,"3,000,000-10,000,000",South
2021-09-29,464.3564771617927,"300,000-1,000,000",West
2021-10-06,464.9846364565727,"300,000-1,000,000",Midwest
2021-10-06,461.1962507884791,"10,000,000-30,000,000",Nationwide
2021-10-06,594.0987960531697,"3,000,000-10,000,000",Northeast
2021-10-06,341.8547207376004,"3,000,000-10,000,000",South
2021-10-06,539.6136875258202,"300,000-1,000,000",West
2021-10-13,464.0047974755572,"300,000-1,000,000",Midwest
2021-10-13,385.61334137149487,"3,000,000-10,000,000",Nationwide
2021-10-13,503.3418169369834,"3,000,000-10,000,000",Northeast
2021-10-13,271.00902698378394,"3,000,000-10,000,000",South
2021-10-13,369.9339456090309,"300,000-1,000,000",West
2021-10-20,403.1922130911453,"300,000-1,000,000",Midwest
2021-10-20,395.4962251241779,"3,000,000-10,000,000",Nationwide
2021-10-20,483.6178303880636,"3,000,000-10,000,000",Northeast
2021-10-20,279.7929256174909,"3,000,000-10,000,000",South
2021-10-20,534.8241990753897,"300,000-1,000,000",West
2021-10-27,392.1614674705165,"300,000-1,000,000",Midwest
2021-10-27,480.2219327228427,"3,000,000-10,000,000",Nationwide
2021-10-27,574.2713963618424,"3,000,000-10,000,000",Northeast
2021-10-27,332.7275938018709,"3,000,000-10,000,000",South
2021-10-27,949.3760984570722,"300,000-1,000,000",West
2021-11-03,418.8443010734058,"300,000-1,000,000",Midwest
2021-11-03,508.9255122553016,"3,000,000-10,000,000",Nationwide
2021-11-03,664.6236759042589,"3,000,000-10,000,000",Northeast
2021-11-03,320.76440369855646,"3,000,000-10,000,000",South
2021-11-03,811.8005198228693,"300,000-1,000,000",West
2021-11-10,496.9650965145568,"300,000-1,000,000",Midwest
2021-11-10,581.9714959060746,"3,000,000-10,000,000",Nationwide
2021-11-10,877.2610945443452,"3,000,000-10,000,000",Northeast
2021-11-10,293.7219612282156,"3,000,000-10,000,000",South
2021-11-10,620.5349153600577,"300,000-1,000,000",West
2021-11-17,930.8394137618494,"300,000-1,000,000",Midwest
2021-11-17,718.1765946635041,"3,000,000-10,000,000",Nationwide
2021-11-17,1090.893721550303,"3,000,000-10,000,000",Northeast
2021-11-17,297.3748941868916,"3,000,000-10,000,000",South
2021-11-17,881.5174645297785,"300,000-1,000,000",West
2021-11-24,1670.9828588709065,"300,000-1,000,000",Midwest
2021-11-24,978.9087062570992,"3,000,000-10,000,000",Nationwide
2021-11-24,1322.527226602517,"3,000,000-10,000,000",Northeast
2021-11-24,428.6290791030019,"3,000,000-10,000,000",South
2021-11-24,1252.919272875141,"300,000-1,000,000",West
2021-12-01,1503.7269279082104,"300,000-1,000,000",Midwest
2021-12-01,1237.8679451921687,"3,000,000-10,000,000",Nationwide
2021-12-01,1868.7435353162607,"3,000,000-10,000,000",Northeast
2021-12-01,624.1253814991882,"3,000,000-10,000,000",South
2021-12-01,853.2599584150952,"300,000-1,000,000",West
2021-12-08,1325.338482731236,"300,000-1,000,000",Midwest
2021-12-08,1225.9856905053412,"3,000,000-10,000,000",Nationwide
2021-12-08,1801.3781147825366,"3,000,000-10,000,000",Northeast
2021-12-08,761.1979264527703,"3,000,000-10,000,000",South
2021-12-08,522.1591348918396,"300,000-1,000,000",West
2021-12-15,1367.347476522723,"300,000-1,000,000",Midwest
2021-12-15,1620.615132193874,"3,000,000-10,000,000",Nationwide
2021-12-15,2094.359148478441,"3,000,000-10,000,000",Northeast
2021-12-15,1320.050136078522,"3,000,000-10,000,000",South
2021-12-15,752.6968318619664,"300,000-1,000,000",West
2021-12-22,1336.5571707411611,"300,000-1,000,000",Midwest
2021-12-22,3071.381362690567,"3,000,000-10,000,000",Nationwide
2021-12-22,3833.5619002757153,"3,000,000-10,000,000",Northeast
2021-12-22,2814.6417454238303,"3,000,000-10,000,000",South
2021-12-22,1263.1475433659082,"100,000-300,000",West
2021-12-29,2804.8789829415314,"300,000-1,000,000",Midwest
2021-12-29,4828.570877699119,"3,000,000-10,000,000",Nationwide
2021-12-29,7184.610600644063,"3,000,000-10,000,000",Northeast
2021-12-29,3273.8788848735544,"3,000,000-10,000,000",South
2021-12-29,3050.211518579437,"300,000-1,000,000",West
2022-01-05,3961.7074370326495,"300,000-1,000,000",Midwest
2022-01-05,4678.446506527066,"3,000,000-10,000,000",Nationwide
2022-01-05,6620.497445426976,"3,000,000-10,000,000",Northeast
2022-01-05,3108.5672500179985,"3,000,000-10,000,000",South
2022-01-05,3227.2939774666925,"300,000-1,000,000",West
2022-01-12,3293.1567038897447,"300,000-1,000,000",Midwest
2022-01-12,3535.1204836064394,"3,000,000-10,000,000",Nationwide
2022-01-12,4021.536356603737,"3,000,000-10,000,000",Northeast
2022-01-12,3213.310660086104,"3,000,000-10,000,000",South
2022-01-12,1963.8792968955736,"100,000-300,000",West
2022-01-19,2133.20784349219,"300,000-1,000,000",Midwest
2022-01-19,2103.942348195247,"3,000,000-10,000,000",Nationwide
2022-01-19,2102.315153983753,"3,000,000-10,000,000",Northeast
2022-01-19,2180.071025007436,"3,000,000-10,000,000",South
2022-01-19,1457.2216937087258,"300,000-1,000,000",West
2022-01-26,1238.2853109916948,"3,000,000-10,000,000",Midwest
2022-01-26,1404.243819380962,"10,000,000-30,000,000",Nationwide
2022-01-26,1274.6529080757643,"3,000,000-10,000,000",Northeast
2022-01-26,1659.5207364238306,"3,000,000-10,000,000",South
2022-01-26,1139.9813964657203,"1,000,000-3,000,000",West
2022-02-02,598.910269526795,"3,000,000-10,000,000",Midwest
2022-02-02,872.5903327896816,"10,000,000-30,000,000",Nationwide
2022-02-02,736.2695241647215,"3,000,000-10,000,000",Northeast
2022-02-02,1117.5580147843557,"3,000,000-10,000,000",South
2022-02-02,769.0468466599868,"3,000,000-10,000,000",West
2022-02-09,356.3157770747192,"3,000,000-10,000,000",Midwest
2022-02-09,418.3661255828949,"10,000,000-30,000,000",Nationwide
2022-02-09,371.205063209402,"3,000,000-10,000,000",Northeast
2022-02-09,486.2251838263612,"3,000,000-10,000,000",South
2022-02-09,389.4222414536503,"3,000,000-10,000,000",West
2022-02-16,249.94789399555177,"3,000,000-10,000,000",Midwest
2022-02-16,231.5751818308493,"10,000,000-30,000,000",Nationwide
2022-02-16,217.9568344911411,"3,000,000-10,000,000",Northeast
2022-02-16,235.96986190563615,"3,000,000-10,000,000",South
2022-02-16,223.27680594752724,"3,000,000-10,000,000",West
2022-02-23,187.8338282999545,"3,000,000-10,000,000",Midwest
2022-02-23,155.62546366759662,"10,000,000-30,000,000",Nationwide
2022-02-23,161.6327201032822,"3,000,000-10,000,000",Northeast
2022-02-23,147.00721455278276,"3,000,000-10,000,000",South
2022-02-23,135.82173251594693,"3,000,000-10,000,000",West
2022-03-02,127.46683021867068,"3,000,000-10,000,000",Midwest
2022-03-02,119.13119232149675,"10,000,000-30,000,000",Nationwide
2022-03-02,148.99389430524457,"3,000,000-10,000,000",Northeast
2022-03-02,108.2003361786105,"3,000,000-10,000,000",South
2022-03-02,92.8278580806646,"3,000,000-10,000,000",West
2022-03-09,99.81186706331172,"3,000,000-10,000,000",Midwest
2022-03-09,107.53282448723829,"10,000,000-30,000,000",Nationwide
2022-03-09,155.92526622820154,"3,000,000-10,000,000",Northeast
2022-03-09,91.7889167752523,"3,000,000-10,000,000",South
2022-03-09,79.80714459464096,"3,000,000-10,000,000",West
2022-03-16,107.11616941035548,"3,000,000-10,000,000",Midwest
2022-03-16,116.77672093856864,"10,000,000-30,000,000",Nationwide
2022-03-16,192.9420692207688,"3,000,000-10,000,000",Northeast
2022-03-16,87.09604367421814,"3,000,000-10,000,000",South
2022-03-16,81.98241069548587,"3,000,000-10,000,000",West
2022-03-23,107.99240693588554,"3,000,000-10,000,000",Midwest
2022-03-23,123.4046365590248,"10,000,000-30,000,000",Nationwide
2022-03-23,206.83438537631463,"3,000,000-10,000,000",Northeast
2022-03-23,92.33778335641172,"3,000,000-10,000,000",South
2022-03-23,83.2768997848275,"3,000,000-10,000,000",West
2022-03-30,143.536939977654,"3,000,000-10,000,000",Midwest
2022-03-30,171.17973406303994,"10,000,000-30,000,000",Nationwide
2022-03-30,291.621334420601,"3,000,000-10,000,000",Northeast
2022-03-30,135.51465036617853,"3,000,000-10,000,000",South
2022-03-30,98.8165908544123,"3,000,000-10,000,000",West
2022-04-06,213.90765443728955,"3,000,000-10,000,000",Midwest
2022-04-06,242.52153013688093,"10,000,000-30,000,000",Nationwide
2022-04-06,416.28593085759286,"3,000,000-10,000,000",Northeast
2022-04-06,187.8232674379433,"3,000,000-10,000,000",South
2022-04-06,134.48201784034677,"3,000,000-10,000,000",West
2022-04-13,275.39844568702046,"3,000,000-10,000,000",Midwest
2022-04-13,299.45152783301063,"10,000,000-30,000,000",Nationwide
2022-04-13,523.6722918356326,"3,000,000-10,000,000",Northeast
2022-04-13,220.2648243433545,"3,000,000-10,000,000",South
2022-04-13,180.2402383095282,"3,000,000-10,000,000",West
2022-04-20,317.7941266473585,"3,000,000-10,000,000",Midwest
2022-04-20,346.84084236380914,"10,000,000-30,000,000",Nationwide
2022-04-20,548.9755254819348,"3,000,000-10,000,000",Northeast
2022-04-20,249.84031905846,"3,000,000-10,000,000",South
2022-04-20,305.416101351269,"3,000,000-10,000,000",West
2022-04-27,365.41091690613126,"3,000,000-10,000,000",Midwest
2022-04-27,430.4109344772765,"10,000,000-30,000,000",Nationwide
2022-04-27,599.8823313686266,"3,000,000-10,000,000",Northeast
2022-04-27,320.18617685103146,"3,000,000-10,000,000",South
2022-04-27,469.95156010608986,"3,000,000-10,000,000",West
2022-05-04,445.3522873827167,"3,000,000-10,000,000",Midwest
2022-05-04,501.3113697853881,"10,000,000-30,000,000",Nationwide
2022-05-04,803.5082896937366,"3,000,000-10,000,000",Northeast
2022-05-04,367.6171503052825,"3,000,000-10,000,000",South
2022-05-04,414.9759591964552,"3,000,000-10,000,000",West
2022-05-11,526.543745183497,"3,000,000-10,000,000",Midwest
2022-05-11,636.7926936236769,"10,000,000-30,000,000",Nationwide
2022-05-11,1063.7876845224876,"3,000,000-10,000,000",Northeast
2022-05-11,500.8367880692449,"3,000,000-10,000,000",South
2022-05-11,458.60022164357787,"3,000,000-10,000,000",West
2022-05-18,578.8109591284857,"3,000,000-10,000,000",Midwest
2022-05-18,728.8871002166488,"30,000,000-100,000,000",Nationwide
2022-05-18,1046.9804762075685,"3,000,000-10,000,000",Northeast
2022-05-18,675.617831434456,"3,000,000-10,000,000",South
2022-05-18,575.860573766848,"3,000,000-10,000,000",West
2022-05-25,607.583960637482,"3,000,000-10,000,000",Midwest
2022-05-25,735.3070426863472,"30,000,000-100,000,000",Nationwide
2022-05-25,887.3547787339129,"3,000,000-10,000,000",Northeast
2022-05-25,732.3002616846312,"10,000,000-30,000,000",South
2022-05-25,678.8260753735518,"3,000,000-10,000,000",West
2022-06-01,579.6739619214278,"3,000,000-10,000,000",Midwest
2022-06-01,738.2056356086105,"30,000,000-100,000,000",Nationwide
2022-06-01,809.9108964356366,"3,000,000-10,000,000",Northeast
2022-06-01,739.6273902652391,"10,000,000-30,000,000",South
2022-06-01,778.6232464523549,"3,000,000-10,000,000",West
2022-06-08,596.8522443876242,"3,000,000-10,000,000",Midwest
2022-06-08,772.2428779094338,"30,000,000-100,000,000",Nationwide
2022-06-08,717.8109826037125,"3,000,000-10,000,000",Northeast
2022-06-08,774.7048053936443,"10,000,000-30,000,000",South
2022-06-08,913.872807699824,"10,000,000-30,000,000",West
2022-06-15,622.0648645855453,"3,000,000-10,000,000",Midwest
2022-06-15,761.8289373227959,"30,000,000-100,000,000",Nationwide
2022-06-15,657.344335890641,"3,000,000-10,000,000",Northeast
2022-06-15,784.9213589919915,"10,000,000-30,000,000",South
2022-06-15,897.295450853794,"10,000,000-30,000,000",West
2022-06-22,624.2786111323816,"3,000,000-10,000,000",Midwest
2022-06-22,801.1478639401525,"30,000,000-100,000,000",Nationwide
2022-06-22,657.5808305012247,"3,000,000-10,000,000",Northeast
2022-06-22,855.2039777482347,"10,000,000-30,000,000",South
2022-06-22,964.8924109611772,"10,000,000-30,000,000",West
2022-06-29,672.8186012338266,"3,000,000-10,000,000",Midwest
2022-06-29,808.6482429825261,"30,000,000-100,000,000",Nationwide
2022-06-29,753.8817801368713,"3,000,000-10,000,000",Northeast
2022-06-29,812.0348256731689,"10,000,000-30,000,000",South
2022-06-29,951.0135007680088,"3,000,000-10,000,000",West
2022-07-06,812.7982603544903,"3,000,000-10,000,000",Midwest
2022-07-06,957.570879815002,"30,000,000-100,000,000",Nationwide
2022-07-06,896.2574264123738,"3,000,000-10,000,000",Northeast
2022-07-06,1005.9275448742392,"10,000,000-30,000,000",South
2022-07-06,1035.6149362159206,"10,000,000-30,000,000",West
2022-07-13,938.8878833058072,"3,000,000-10,000,000",Midwest
2022-07-13,1095.143233866835,"30,000,000-100,000,000",Nationwide
2022-07-13,982.0570305251543,"10,000,000-30,000,000",Northeast
2022-07-13,1233.2910126754275,"10,000,000-30,000,000",South
2022-07-13,1080.5590171236645,"10,000,000-30,000,000",West
2022-07-20,1009.273692965353,"3,000,000-10,000,000",Midwest
2022-07-20,1101.0588813106174,"30,000,000-100,000,000",Nationwide
2022-07-20,1000.3140722212538,"10,000,000-30,000,000",Northeast
2022-07-20,1230.2804783831164,"10,000,000-30,000,000",South
2022-07-20,1053.780944918613,"3,000,000-10,000,000",West
2022-07-27,887.5710746321644,"3,000,000-10,000,000",Midwest
2022-07-27,1004.705713272446,"30,000,000-100,000,000",Nationwide
2022-07-27,984.0444749342448,"10,000,000-30,000,000",Northeast
2022-07-27,1162.2660190226186,"10,000,000-30,000,000",South
2022-07-27,880.153458110015,"10,000,000-30,000,000",West
2022-08-03,871.0422858222922,"3,000,000-10,000,000",Midwest
2022-08-03,905.7243438670988,"30,000,000-100,000,000",Nationwide
2022-08-03,932.6398797303076,"10,000,000-30,000,000",Northeast
2022-08-03,1014.2726437344796,"10,000,000-30,000,000",South
2022-08-03,754.639091304694,"10,000,000-30,000,000",West
2022-08-10,894.1848626097386,"3,000,000-10,000,000",Midwest
2022-08-10,793.3470216243433,"30,000,000-100,000,000",Nationwide
2022-08-10,854.605802259029,"10,000,000-30,000,000",Northeast
2022-08-10,816.529613641696,"10,000,000-30,000,000",South
2022-08-10,641.6477947582555,"10,000,000-30,000,000",West
2022-08-17,799.5974431609133,"3,000,000-10,000,000",Midwest
2022-08-17,720.0040688044888,"30,000,000-100,000,000",Nationwide
2022-08-17,845.369147611144,"10,000,000-30,000,000",Northeast
2022-08-17,731.4198192229752,"10,000,000-30,000,000",South
2022-08-17,545.3450731298606,"10,000,000-30,000,000",West
2022-08-24,769.249760076022,"3,000,000-10,000,000",Midwest
2022-08-24,696.6771902334382,"30,000,000-100,000,000",Nationwide
2022-08-24,803.7309523719335,"10,000,000-30,000,000",Northeast
2022-08-24,717.66672057796,"10,000,000-30,000,000",South
2022-08-24,529.3974331684066,"10,000,000-30,000,000",West
2022-08-31,787.9944349058845,"3,000,000-10,000,000",Midwest
2022-08-31,743.1365401493125,"30,000,000-100,000,000",Nationwide
2022-08-31,875.2153674988195,"10,000,000-30,000,000",Northeast
2022-08-31,784.9495545499582,"10,000,000-30,000,000",South
2022-08-31,538.3255971217634,"10,000,000-30,000,000",West
2022-09-07,787.1487036113185,"3,000,000-10,000,000",Midwest
2022-09-07,779.4723090948769,"30,000,000-100,000,000",Nationwide
2022-09-07,1041.2057683231913,"10,000,000-30,000,000",Northeast
2022-09-07,781.6984522542921,"10,000,000-30,000,000",South
2022-09-07,554.7012299635663,"10,000,000-30,000,000",West
2022-09-14,668.6785072988429,"3,000,000-10,000,000",Midwest
2022-09-14,749.53671539661,"30,000,000-100,000,000",Nationwide
2022-09-14,1135.6963120238936,"10,000,000-30,000,000",Northeast
2022-09-14,662.3621991275885,"10,000,000-30,000,000",South
2022-09-14,531.7677931341001,"10,000,000-30,000,000",West
2022-09-21,503.9123394167827,"300,000-1,000,000",Midwest
2022-09-21,684.201339014428,"10,000,000-30,000,000",Nationwide
2022-09-21,1149.5424316969295,"3,000,000-10,000,000",Northeast
2022-09-21,433.23451634896895,"3,000,000-10,000,000",South
2022-09-21,455.6601446197872,"3,000,000-10,000,000",West
2022-09-28,541.0660418338007,"3,000,000-10,000,000",Midwest
2022-09-28,626.8445371073657,"30,000,000-100,000,000",Nationwide
2022-09-28,1145.7801782712768,"10,000,000-30,000,000",Northeast
2022-09-28,431.0049558469853,"10,000,000-30,000,000",South
2022-09-28,488.7050724135982,"10,000,000-30,000,000",West
2022-10-05,538.4015944387147,"3,000,000-10,000,000",Midwest
2022-10-05,594.7398161701036,"30,000,000-100,000,000",Nationwide
2022-10-05,1179.155645157688,"10,000,000-30,000,000",Northeast
2022-10-05,404.2983561422299,"10,000,000-30,000,000",South
2022-10-05,462.64476334600585,"10,000,000-30,000,000",West
2022-10-12,585.1421553370732,"3,000,000-10,000,000",Midwest
2022-10-12,627.5864535493098,"30,000,000-100,000,000",Nationwide
2022-10-12,1249.1615765746951,"10,000,000-30,000,000",Northeast
2022-10-12,427.8128935287148,"10,000,000-30,000,000",South
2022-10-12,481.0633206357991,"10,000,000-30,000,000",West
2022-10-19,635.3104884373657,"3,000,000-10,000,000",Midwest
2022-10-19,595.9048870842711,"30,000,000-100,000,000",Nationwide
2022-10-19,1063.0825575567596,"10,000,000-30,000,000",Northeast
2022-10-19,406.2852869697928,"10,000,000-30,000,000",South
2022-10-19,480.4043347362779,"10,000,000-30,000,000",West
2022-10-26,576.1655735508991,"3,000,000-10,000,000",Midwest
2022-10-26,513.8160573899057,"30,000,000-100,000,000",Nationwide
2022-10-26,781.3572343750676,"10,000,000-30,000,000",Northeast
2022-10-26,377.96787911563473,"10,000,000-30,000,000",South
2022-10-26,462.19445323781065,"10,000,000-30,000,000",West
2022-11-02,558.7654119411235,"3,000,000-10,000,000",Midwest
2022-11-02,517.7215634090097,"30,000,000-100,000,000",Nationwide
2022-11-02,744.7153934714987,"10,000,000-30,000,000",Northeast
2022-11-02,392.2589831512842,"10,000,000-30,000,000",South
2022-11-02,496.5723716551904,"10,000,000-30,000,000",West
2022-11-09,594.5923028508811,"3,000,000-10,000,000",Midwest
2022-11-09,540.5396028948322,"30,000,000-100,000,000",Nationwide
2022-11-09,708.5715429190835,"10,000,000-30,000,000",Northeast
2022-11-09,402.6653732405689,"10,000,000-30,000,000",South
2022-11-09,585.9778347282346,"10,000,000-30,000,000",West
2022-11-16,621.791427272262,"3,000,000-10,000,000",Midwest
2022-11-16,595.5736150098966,"30,000,000-100,000,000",Nationwide
2022-11-16,733.8481704546166,"10,000,000-30,000,000",Northeast
2022-11-16,449.8382166707742,"10,000,000-30,000,000",South
2022-11-16,703.4063265835839,"10,000,000-30,000,000",West
2022-11-23,663.4291062682508,"3,000,000-10,000,000",Midwest
2022-11-23,696.9842412690749,"30,000,000-100,000,000",Nationwide
2022-11-23,839.7102185182075,"10,000,000-30,000,000",Northeast
2022-11-23,562.4896910623944,"10,000,000-30,000,000",South
2022-11-23,828.6741199097545,"10,000,000-30,000,000",West
2022-11-30,896.0014435211496,"3,000,000-10,000,000",Midwest
2022-11-30,870.948280910149,"30,000,000-100,000,000",Nationwide
2022-11-30,1203.4238570245566,"10,000,000-30,000,000",Northeast
2022-11-30,708.3170427534734,"10,000,000-30,000,000",South
2022-11-30,837.317428292294,"10,000,000-30,000,000",West
2022-12-07,996.6057879981176,"3,000,000-10,000,000",Midwest
2022-12-07,916.882915078798,"30,000,000-100,000,000",Nationwide
2022-12-07,1312.690414940678,"10,000,000-30,000,000",Northeast
2022-12-07,760.1917677811165,"10,000,000-30,000,000",South
2022-12-07,770.7394183134701,"10,000,000-30,000,000",West
2022-12-14,967.3655317916988,"3,000,000-10,000,000",Midwest
2022-12-14,941.3094487083042,"30,000,000-100,000,000",Nationwide
2022-12-14,1368.2547758197145,"10,000,000-30,000,000",Northeast
2022-12-14,819.3425390147216,"10,000,000-30,000,000",South
2022-12-14,720.8646883799047,"10,000,000-30,000,000",West
